"","#","Name","Symbol","Market Cap","Price","Circulating Supply","Volume (24h)","% 1h","% 24h","% 7d"
"1",1,"Bitcoin","BTC","$133,350,461,802","$7912.90","16852287","$9,546,120,000","2.00%","4.32%","-22.28%"
"2",2,"Ethereum","ETH","$77,213,487,420","$792.11","97477869","$4,108,530,000","1.58%","3.21%","-29.92%"
"3",3,"Ripple","XRP","$28,951,118,636","$0.742161","39009215838","$1,131,090,000","1.57%","-1.66%","-34.93%"
"4",4,"Bitcoin Cash","BCH","$16,744,280,435","$987.56","16955238","$933,028,000","1.58%","4.01%","-33.31%"
"5",5,"Cardano","ADA","$8,959,436,276","$0.345563","25927070538","$633,113,000","1.61%","-2.86%","-33.37%"
"6",6,"Litecoin","LTC","$7,882,019,069","$143.00","55117858","$868,109,000","1.73%","2.65%","-12.31%"
"7",7,"NEO","NEO","$7,241,845,000","$111.41","65000000","$624,638,000","1.90%","8.95%","-22.68%"
"8",8,"Stellar","XLM","$6,505,904,439","$0.352965","18432151740","$180,553,000","1.30%","-1.37%","-33.58%"
"9",9,"NEM","XEM","$4,829,858,999","$0.536651","8999999999","$44,177,200","-2.33%","-8.52%","-31.44%"
"10",10,"IOTA","MIOTA","$4,686,260,262","$1.69","2779530283","$66,944,500","2.69%","6.35%","-26.28%"
"11",11,"Dash","DASH","$4,302,102,121","$546.58","7870990","$82,990,900","2.41%","6.11%","-21.42%"
"12",12,"Monero","XMR","$3,458,563,817","$220.34","15696201","$69,709,900","2.89%","7.46%","-19.71%"
"13",13,"Lisk","LSK","$2,267,807,057","$19.25","117833868","$46,490,500","2.98%","8.98%","-25.16%"
"14",14,"Ethereum Classic","ETC","$1,901,716,370","$19.08","99695750","$222,006,000","1.89%","2.46%","-32.24%"
"15",15,"Qtum","QTUM","$1,685,921,767","$22.82","73865536","$238,947,000","1.61%","0.04%","-43.72%"
"16",16,"Bitcoin Gold","BTG","$1,539,357,781","$91.57","16810924","$35,939,900","2.13%","1.72%","-41.13%"
"17",17,"Nano","XRB","$1,464,505,297","$10.99","133248289","$42,871,100","1.87%","7.39%","-42.47%"
"18",18,"Zcash","ZEC","$1,225,626,509","$379.39","3230519","$100,935,000","2.94%","8.08%","-5.10%"
"19",19,"Steem","STEEM","$927,082,773","$3.72","249171591","$57,034,200","1.63%","-0.01%","-26.73%"
"20",20,"Bytecoin","BCN","$809,365,452","$0.004406","183713711298","$4,119,230","3.43%","4.35%","-25.74%"
"21",21,"Verge","XVG","$742,442,985","$0.050962","14568446238","$26,291,500","2.83%","3.26%","-28.09%"
"22",22,"Siacoin","SC","$695,040,975","$0.021597","32182143672","$18,609,700","3.51%","2.53%","-36.62%"
"23",23,"Stratis","STRAT","$666,931,937","$6.75","98731889","$12,206,300","2.33%","0.49%","-45.35%"
"24",24,"BitShares","BTS","$595,092,450","$0.228156","2608270000","$45,022,000","2.38%","6.22%","-47.99%"
"25",25,"Waves","WAVES","$512,180,000","$5.12","100000000","$17,741,000","1.49%","3.86%","-33.29%"
"26",26,"Dogecoin","DOGE","$502,356,421","$0.004442","113105126976","$13,278,200","1.07%","5.39%","-25.95%"
"27",27,"Decred","DCR","$483,443,150","$72.01","6713453","$1,016,680","2.30%","3.64%","-25.75%"
"28",28,"Hshare","HSR","$442,524,583","$10.39","42596314","$67,254,000","1.63%","2.26%","-26.06%"
"29",29,"Ardor","ARDR","$410,052,330","$0.410463","998999495","$9,197,940","2.61%","4.02%","-47.51%"
"30",30,"Electroneum","ETN","$408,099,365","$0.067038","6087546312","$6,095,290","3.35%","13.68%","-20.25%"
"31",31,"Komodo","KMD","$390,555,746","$3.79","102997103","$2,755,370","2.00%","-2.51%","-35.40%"
"32",32,"Ark","ARK","$370,808,603","$3.69","100489864","$3,479,720","1.08%","1.38%","-34.49%"
"33",33,"DigiByte","DGB","$312,835,888","$0.031888","9810581175","$5,516,320","2.63%","1.85%","-38.56%"
"34",34,"Byteball Bytes","GBYTE","$308,428,401","$478.02","645222","$633,861","2.66%","12.13%","-20.35%"
"35",35,"PIVX","PIVX","$292,375,776","$5.27","55515512","$5,475,090","2.35%","2.37%","-35.30%"
"36",36,"ZClassic","ZCL","$290,369,308","$88.94","3264950","$4,410,610","5.92%","4.38%","-24.94%"
"37",37,"Syscoin","SYS","$284,550,772","$0.536082","530797102","$18,372,700","5.30%","29.34%","-4.67%"
"38",38,"Cryptonex","CNX","$267,760,322","$5.94","45103236","$223,211","2.38%","2.80%","-21.92%"
"39",39,"Bitcore","BTX","$252,228,700","$22.59","11165206","$1,349,350","3.00%","5.83%","-2.32%"
"40",40,"GXShares","GXS","$241,445,400","$4.02","60000000","$8,168,940","2.18%","-3.23%","-18.41%"
"41",41,"SmartCash","SMART","$219,308,513","$0.323975","676930359","$342,008","2.11%","6.34%","-30.00%"
"42",42,"Factom","FCT","$216,275,992","$24.73","8745102","$6,302,820","3.36%","-1.50%","-36.18%"
"43",43,"MonaCoin","MONA","$206,576,150","$3.61","57269475","$3,538,250","2.41%","-2.23%","-25.43%"
"44",44,"ZCoin","XZC","$193,172,147","$47.62","4056159","$5,811,900","4.11%","1.77%","-33.15%"
"45",45,"ReddCoin","RDD","$181,745,213","$0.006324","28740055495","$2,754,390","4.64%","8.11%","-29.44%"
"46",46,"Particl","PART","$174,656,143","$19.70","8863634","$866,175","2.95%","3.15%","-26.01%"
"47",47,"Nxt","NXT","$172,480,337","$0.172653","998999942","$8,585,990","2.42%","2.56%","-38.95%"
"48",48,"Nexus","NXS","$160,563,063","$2.89","55482321","$1,484,550","1.52%","-1.41%","-40.75%"
"49",49,"Emercoin","EMC","$149,799,701","$3.63","41279644","$1,056,840","3.02%","20.87%","-33.21%"
"50",50,"GameCredits","GAME","$142,366,266","$2.21","64355352","$1,801,170","2.35%","1.92%","-30.00%"
"51",51,"Neblio","NEBL","$140,445,938","$10.98","12796313","$3,083,110","2.04%","-1.02%","-36.06%"
"52",52,"Experience Po...","XP","$133,470,721","$0.000625","213560328951","$649,192","5.25%","19.36%","-4.52%"
"53",53,"Blocknet","BLOCK","$132,186,223","$26.41","5005044","$207,332","4.04%","8.00%","-25.45%"
"54",54,"Vertcoin","VTC","$125,737,657","$2.94","42831575","$4,502,880","2.47%","1.26%","-23.20%"
"55",55,"DigitalNote","XDN","$120,397,568","$0.017461","6895345996","$9,628,920","4.77%","10.56%","-35.08%"
"56",56,"BitcoinDark","BTCD","$118,083,620","$91.62","1288862","$48,390","2.68%","7.42%","-29.52%"
"57",57,"ZenCash","ZEN","$117,589,214","$37.10","3169700","$1,993,880","2.62%","8.78%","-22.56%"
"58",58,"Skycoin","SKY","$116,908,411","$15.89","7357126","$649,380","5.01%","3.77%","-29.64%"
"59",59,"HTMLCOIN","HTML","$107,999,422","$0.001661","65016026560","$350,442","4.25%","7.42%","-24.56%"
"60",60,"Achain","ACT","$101,597,700","$0.338659","300000000","$9,865,330","1.59%","2.19%","-30.25%"
"61",61,"Ubiq","UBQ","$100,468,862","$2.54","39526970","$411,917","1.91%","3.15%","-41.58%"
"62",62,"BridgeCoin","BCO","$94,380,930","$3.50","27000000","$60,962","2.32%","-8.19%","-40.50%"
"63",63,"NAV Coin","NAV","$89,857,213","$1.44","62403442","$1,697,820","2.73%","8.03%","-34.56%"
"64",64,"Peercoin","PPC","$86,394,012","$3.51","24609612","$1,174,980","2.67%","5.40%","-21.96%"
"65",65,"XTRABYTES","XBY","$83,461,710","$0.194097","430000000","$211,715","0.52%","2.23%","-14.49%"
"66",66,"Asch","XAS","$81,115,755","$0.876758","92517839","$1,192,090","2.56%","7.83%","-30.12%"
"67",67,"PACcoin","PAC","$69,012,143","$0.000027","2568973866070","$148,193","1.72%","-5.49%","-57.51%"
"68",68,"BitBay","BAY","$68,974,910","$0.068314","1009680506","$1,453,330","4.27%","11.49%","-39.27%"
"69",69,"Einsteinium","EMC2","$68,357,736","$0.315832","216437018","$8,001,910","1.24%","4.16%","-36.72%"
"70",70,"Counterparty","XCP","$66,748,529","$25.50","2617230","$877,212","2.10%","-4.47%","-41.45%"
"71",71,"Gulden","NLG","$63,760,710","$0.162761","391744400","$312,676","0.63%","0.80%","-12.79%"
"72",72,"Viacoin","VIA","$60,552,856","$2.64","22978903","$1,179,990","2.51%","-1.96%","-23.39%"
"73",73,"ION","ION","$59,094,984","$3.02","19570986","$4,289,420","0.29%","22.80%","-34.37%"
"74",74,"Electra","ECA","$57,522,660","$0.002514","22885300134","$158,502","0.27%","-6.61%","-30.41%"
"75",75,"Metaverse ETP","ETP","$53,608,965","$1.44","37276856","$2,906,080","0.80%","3.66%","-43.47%"
"76",76,"LBRY Credits","LBC","$47,749,657","$0.324657","147077245","$568,062","1.37%","3.03%","-42.59%"
"77",77,"DECENT","DCT","$46,873,140","$0.913598","51306089","$976,009","3.43%","24.36%","-29.59%"
"78",78,"MinexCoin","MNX","$46,023,000","$15.34","3000000","$88,818","2.95%","1.32%","-10.30%"
"79",79,"Lykke","LKK","$45,984,853","$0.170298","270025795","$105,871","1.94%","1.65%","-27.84%"
"80",80,"CloakCoin","CLOAK","$45,959,446","$9.09","5053693","$362,642","3.17%","8.44%","-26.56%"
"81",81,"Burst","BURST","$45,742,674","$0.025408","1800339818","$795,798","3.22%","3.30%","-38.37%"
"82",82,"DeepOnion","ONION","$43,133,586","$4.43","9747681","$297,298","4.12%","-0.49%","-36.42%"
"83",83,"SaluS","SLS","$41,797,050","$41.39","1009905","$197,364","4.79%","6.22%","-31.90%"
"84",84,"Crown","CRW","$41,398,627","$2.42","17105952","$69,433","3.25%","-1.40%","-15.21%"
"85",85,"Pura","PURA","$39,891,244","$0.230979","172705067","$74,059","1.73%","0.27%","-32.16%"
"86",86,"Aeon","AEON","$39,398,965","$2.55","15458940","$70,716","1.46%","3.04%","-39.66%"
"87",87,"Groestlcoin","GRS","$38,303,460","$0.552060","69382784","$2,694,170","0.16%","4.00%","-33.78%"
"88",88,"HempCoin","THC","$37,016,041","$0.160605","230478760","$372,025","4.61%","2.68%","-31.87%"
"89",89,"Spectrecoin","XSPEC","$36,138,507","$1.74","20785264","$127,882","5.42%","2.49%","-20.82%"
"90",90,"ECC","ECC","$35,756,500","$0.001430","25000000000","$91,165","-6.76%","-1.81%","-42.01%"
"91",91,"Namecoin","NMC","$34,563,195","$2.35","14736400","$286,755","0.50%","2.91%","-32.42%"
"92",92,"Mooncoin","MOON","$34,455,916","$0.000154","223487203257","$69,955","4.00%","8.07%","-16.36%"
"93",93,"Shift","SHIFT","$33,978,052","$2.91","11695397","$449,266","6.71%","18.68%","-36.70%"
"94",94,"I/O Coin","IOC","$33,690,504","$2.04","16521513","$80,486","0.78%","6.96%","-33.02%"
"95",95,"ColossusCoinXT","COLX","$32,222,907","$0.003005","10724738924","$47,456","7.80%","2.41%","-34.82%"
"96",96,"Diamond","DMD","$31,404,159","$11.90","2638495","$42,358","-0.67%","5.37%","-29.60%"
"97",97,"Voxels","VOX","$31,019,520","$0.147712","210000000","$4,171,020","7.53%","11.28%","-47.20%"
"98",98,"PotCoin","POT","$30,410,375","$0.138641","219346188","$252,539","2.87%","3.22%","-29.74%"
"99",99,"Feathercoin","FTC","$29,382,384","$0.153851","190979480","$106,983","-0.17%","9.83%","-31.57%"
"100",100,"SIBCoin","SIB","$28,531,719","$1.75","16318199","$284,821","1.67%","12.57%","-32.62%"
"101",101,"NoLimitCoin","NLC2","$28,099,789","$0.136797","205412323","$47,697","1.37%","11.69%","-13.92%"
"102",102,"Pascal Coin","PASC","$27,260,706","$1.54","17668600","$126,636","-0.18%","6.61%","-20.89%"
"103",103,"Steem Dollars","SBD","$26,604,324","$3.18","8363220","$10,350,300","1.82%","1.79%","-39.34%"
"104",104,"SHIELD","XSH","$26,325,426","$0.054650","481711297","$102,178","5.01%","-2.25%","-18.17%"
"105",105,"FairCoin","FAIR","$26,177,004","$0.492106","53193831","$12,119","2.37%","8.57%","-28.05%"
"106",106,"Flash","FLASH","$25,737,030","$0.028597","900000000","$60,686","0.91%","-1.16%","-38.81%"
"107",107,"LEOcoin","LEO","$25,659,845","$0.262704","97675881","$31,596","1.10%","-10.29%","-6.35%"
"108",108,"Dimecoin","DIME","$25,408,276","$0.000047","539096740560","$112,263","-6.60%","-8.75%","-46.90%"
"109",109,"Peerplays","PPY","$25,043,619","$6.33","3954895","$1,416","16.27%","4.40%","-10.62%"
"110",110,"VeriCoin","VRC","$24,638,267","$0.800255","30788020","$896,047","0.72%","2.23%","-39.91%"
"111",111,"Unobtanium","UNO","$24,544,717","$123.85","198184","$48,203","1.49%","1.48%","1.31%"
"112",112,"GridCoin","GRC","$24,296,383","$0.062248","390312753","$144,804","4.03%","21.11%","-18.86%"
"113",113,"WhiteCoin","XWC","$23,324,439","$0.093785","248700637","$60,419","3.29%","-0.36%","-37.13%"
"114",114,"Phore","PHR","$22,394,616","$2.67","8382599","$148,866","2.59%","3.73%","-19.31%"
"115",115,"Elastic","XEL","$22,239,035","$0.248784","89390937","$934,881","-0.33%","2.12%","-35.05%"
"116",116,"BlackCoin","BLK","$22,219,819","$0.289871","76654162","$288,411","0.51%","5.15%","-29.10%"
"117",117,"BitConnect","BCC","$22,181,991","$2.41","9212555","$780,200","1.89%","-53.99%","-72.17%"
"118",118,"Expanse","EXP","$21,805,209","$2.76","7906397","$2,067,210","2.47%","9.59%","-27.57%"
"119",119,"Bean Cash","BITB","$21,411,922","$0.009101","2352718000","$351,604","4.15%","11.75%","-3.57%"
"120",120,"SolarCoin","SLR","$21,048,590","$0.540084","38972809","$87,625","1.17%","9.78%","-29.46%"
"121",121,"PoSW Coin","POSW","$20,649,208","$0.468236","44100000","$108,034","-1.10%","4.89%","-37.14%"
"122",122,"Boolberry","BBR","$20,028,382","$1.81","11049227","$6,953","-4.80%","-1.29%","-31.44%"
"123",123,"Universal Cur...","UNIT","$19,031,564","$1.47","12936082","$63,480","0.13%","8.62%","1.63%"
"124",124,"Radium","RADS","$18,829,432","$5.46","3446878","$285,489","1.58%","5.03%","-32.42%"
"125",125,"Omni","OMNI","$18,667,599","$33.30","560565","$61,197","2.31%","-0.05%","-29.67%"
"126",126,"Oxycoin","OXY","$18,513,621","$0.193844","95507836","$64,495","2.35%","9.02%","-13.30%"
"127",127,"GoByte","GBX","$18,179,413","$25.88","702464","$380,374","1.61%","14.46%","-0.19%"
"128",128,"OKCash","OK","$18,011,908","$0.244311","73725326","$188,867","0.44%","-0.31%","-38.67%"
"129",129,"Rubycoin","RBY","$17,644,533","$0.697920","25281598","$24,485","2.71%","20.22%","-27.45%"
"130",130,"MonetaryUnit","MUE","$17,410,998","$0.140251","124141705","$53,869","1.95%","4.15%","-35.06%"
"131",131,"Rise","RISE","$17,210,509","$0.152118","113139200","$1,755,840","1.69%","-1.80%","-72.44%"
"132",132,"Energycoin","ENRG","$17,000,210","$0.139787","121615099","$37,645","5.12%","6.06%","-22.08%"
"133",133,"Myriad","XMY","$16,899,194","$0.010898","1550683500","$235,189","1.72%","0.12%","-33.19%"
"134",134,"Zoin","ZOI","$15,964,997","$0.962769","16582375","$40,453","2.83%","11.07%","-32.01%"
"135",135,"Clams","CLAM","$15,792,667","$5.52","2858970","$73,810","1.61%","5.64%","-26.09%"
"136",136,"ATBCoin","ATB","$15,753,902","$0.385227","40895113","$3,353,300","1.96%","5.58%","-21.03%"
"137",137,"LoMoCoin","LMC","$15,712,745","$0.069652","225589606","$147,331","2.50%","7.58%","-16.29%"
"138",138,"NeosCoin","NEOS","$15,435,113","$4.19","3683877","$143,409","2.87%","13.65%","-36.62%"
"139",139,"BitSend","BSD","$15,262,782","$0.842789","18109850","$185,791","2.86%","8.72%","-34.31%"
"140",140,"LUXCoin","LUX","$14,930,217","$14.68","1017287","$260,081","1.70%","-0.98%","-37.26%"
"141",141,"Golos","GOLOS","$14,825,842","$0.119065","124518891","$43,152","1.12%","-1.25%","-45.87%"
"142",142,"NuBits","USNBT","$14,274,614","$0.990326","14414055","$47,617,400","-0.80%","-0.71%","-0.38%"
"143",143,"DubaiCoin","DBIX","$13,961,176","$6.93","2014216","$158,443","2.34%","-2.89%","-37.76%"
"144",144,"Auroracoin","AUR","$13,850,945","$1.60","8658139","$155,197","2.70%","-0.03%","-5.83%"
"145",145,"Gambit","GAM","$13,832,619","$11.52","1200279","$25,005","2.10%","3.12%","-38.70%"
"146",146,"NewYorkCoin","NYC","$13,713,845","$0.000104","132185463284","$1,042","1.14%","0.82%","-42.16%"
"147",147,"Primecoin","XPM","$13,613,461","$0.607496","22409137","$132,569","2.09%","14.13%","-32.50%"
"148",148,"Mintcoin","MINT","$13,572,258","$0.000544","24947260808","$36,199","17.26%","1.72%","-14.40%"
"149",149,"PRIZM","PZM","$13,496,049","$0.931045","14495593","$13,501","1.47%","-3.28%","11.54%"
"150",150,"Polis","POLIS","$13,272,416","$16.96","782401","$256,229","4.84%","21.38%","14.33%"
"151",151,"E-coin","ECN","$13,061,077","$2.62","4981227","$71,482","2.24%","29.75%","-70.84%"
"152",152,"Pirl","PIRL","$12,965,649","$1.35","9625932","$72,918","3.49%","9.21%","-22.90%"
"153",153,"Pandacoin","PND","$12,868,559","$0.000396","32514916898","$28,472","2.38%","-5.92%","-31.59%"
"154",154,"FlorinCoin","FLO","$12,398,302","$0.087422","141820653","$90,712","2.27%","2.78%","-36.45%"
"155",155,"Obsidian","ODN","$12,358,175","$0.494327","25000000","$60,984","6.63%","22.58%","-19.63%"
"156",156,"E-Dinar Coin","EDR","$12,327,209","$0.013910","886211988","$9,774","2.21%","-1.55%","-1.98%"
"157",157,"Global Curren...","GCR","$12,295,424","$0.118574","103694101","$81,204","4.45%","17.88%","-22.76%"
"158",158,"Syndicate","SYNX","$12,258,495","$0.676610","18117520","$8,242,740","3.54%","18.55%","-31.17%"
"159",159,"Russian Miner...","RMC","$12,226,562","$8113.18","1507","$75,314","4.95%","-1.55%","-16.38%"
"160",160,"Linda","LINDA","$11,956,731","$0.001992","6003429666","$198,693","-0.38%","11.99%","-11.37%"
"161",161,"Neutron","NTRN","$11,767,694","$0.347965","33818614","$4,975","2.37%","7.79%","-24.52%"
"162",162,"Musicoin","MUSIC","$11,735,331","$0.019636","597640596","$167,846","2.04%","9.12%","-29.59%"
"163",163,"Solaris","XLR","$11,416,082","$11.51","991685","$55,922","-1.32%","-0.70%","-25.17%"
"164",164,"Sequence","SEQ","$11,014,327","$0.242768","45369764","$94,047","-1.35%","-16.53%","-25.12%"
"165",165,"Espers","ESP","$10,800,589","$0.000512","21077938489","$21,136","3.33%","-8.30%","-31.59%"
"166",166,"Dynamic","DYN","$10,551,393","$2.22","4759032","$291,010","0.46%","5.25%","-28.21%"
"167",167,"Internet of P...","IOP","$10,502,863","$3.19","3295367","$2,264,020","-0.09%","26.58%","-26.47%"
"168",168,"ALQO","ALQO","$10,334,310","$0.991859","10419132","$225,658","2.32%","13.26%","-19.74%"
"169",169,"Tao","XTO","$10,111,081","$0.308546","32770091","$7,059","2.37%","9.71%","-26.00%"
"170",170,"RussiaCoin","RC","$10,000,248","$1.19","8377873","$3,602","2.37%","-5.31%","-32.82%"
"171",171,"DopeCoin","DOPE","$9,817,850","$0.084024","116845228","$299,181","3.07%","14.29%","-20.55%"
"172",172,"PinkCoin","PINK","$9,752,560","$0.025537","381906699","$65,457","3.45%","8.22%","-35.19%"
"173",173,"Curecoin","CURE","$9,720,943","$0.407667","23845303","$87,876","2.46%","13.91%","-30.90%"
"174",174,"HEAT","HEAT","$9,627,309","$0.299574","32136664","$8,564","2.20%","-14.22%","-47.66%"
"175",175,"Monoeci","XMCC","$9,598,173","$3.16","3042152","$65,431","2.37%","4.76%","-32.16%"
"176",176,"Sphere","SPHR","$9,368,439","$3.04","3082940","$157,835","0.69%","0.04%","-35.82%"
"177",177,"AsiaCoin","AC","$9,189,731","$0.007045","1304473867","$1,207","2.37%","8.04%","-25.40%"
"178",178,"Stealthcoin","XST","$9,097,768","$0.324295","28053989","$18,266","4.67%","1.54%","-34.25%"
"179",179,"UFO Coin","UFO","$9,007,393","$0.002533","3556088137","$3,912","2.38%","-0.08%","-3.10%"
"180",180,"EarthCoin","EAC","$8,883,087","$0.000757","11727235188","$19,888","-6.53%","2.65%","-30.25%"
"181",181,"Sprouts","SPRTS","$8,843,014","$0.000003","2642553360950","$22,727","1.71%","-3.67%","-23.13%"
"182",182,"ArtByte","ABY","$8,834,571","$0.011147","792537250","$59,528","2.06%","2.45%","-39.83%"
"183",183,"Vcash","XVC","$8,779,706","$0.570548","15388199","$35,590","2.50%","3.25%","-29.00%"
"184",184,"Hush","HUSH","$8,461,355","$2.72","3114388","$150,597","3.27%","-1.31%","-61.13%"
"185",185,"Bitdeal","BDL","$8,405,161","$0.047870","175583793","$65,752","-1.97%","-6.54%","-33.09%"
"186",186,"FedoraCoin","TIPS","$8,170,337","$0.000018","443168182458","$7,491","-0.29%","16.06%","0.34%"
"187",187,"ToaCoin","TOA","$8,107,590","$0.006091","1331155614","$39,100","2.38%","2.55%","-26.54%"
"188",188,"Novacoin","NVC","$7,951,132","$4.02","1978622","$59,625","-0.11%","5.86%","-17.47%"
"189",189,"HyperStake","HYP","$7,933,963","$0.007015","1131036735","$5,581","3.23%","7.18%","-22.09%"
"190",190,"Bitmark","BTM","$7,836,518","$0.968106","8094690","$51,386","2.25%","12.68%","-37.38%"
"191",191,"BitcoinZ","BTCZ","$7,677,396","$0.007094","1082187631","$127,272","-0.52%","18.04%","-9.58%"
"192",192,"Bulwark","BWK","$7,639,639","$3.53","2164749","$89,609","-0.34%","7.11%","-22.41%"
"193",193,"Sumokoin","SUMO","$7,594,844","$2.69","2827061","$78,280","0.92%","10.37%","-35.97%"
"194",194,"Innova","INN","$7,532,328","$4.28","1761886","$60,395","1.99%","0.75%","-23.39%"
"195",195,"Elite","1337","$7,453,444","$0.000297","25129108093","$51,267","-5.02%","6.58%","-29.23%"
"196",196,"Memetic / Pep...","MEME","$7,450,074","$0.388056","19198451","$227,822","0.10%","-3.64%","-40.21%"
"197",197,"VeriumReserve","VRM","$7,113,343","$4.78","1486617","$53,492","2.39%","2.29%","-33.69%"
"198",198,"EuropeCoin","ERC","$6,974,480","$0.697512","9999082","$512,813","2.66%","25.09%","-8.69%"
"199",199,"GCN Coin","GCN","$6,952,686","$0.000046","151201235000","$5,667","2.14%","-0.72%","-45.80%"
"200",200,"vTorrent","VTR","$6,869,631","$0.635138","10815966","$148,035","1.28%","3.01%","7.18%"
"201",201,"BuzzCoin","BUZZ","$6,864,719","$0.000389","17627562182","$7,737","11.31%","16.57%","-14.37%"
"202",202,"Atmos","ATMS","$6,810,449","$0.067836","100396232","$4,361","-1.67%","-0.12%","-33.44%"
"203",203,"CrowdCoin","CRC","$6,764,953","$6.64","1018280","$152,918","-5.90%","-15.59%","-47.76%"
"204",204,"MagicCoin","MAGE","$6,651,044","$0.911072","7300239","$4,001","2.39%","-4.01%","-42.54%"
"205",205,"Pesetacoin","PTC","$6,594,864","$0.049723","132632064","$43,323","2.24%","5.38%","-35.55%"
"206",206,"Riecoin","RIC","$6,445,857","$0.155856","41357775","$75,941","2.81%","3.37%","-61.63%"
"207",207,"Magnet","MAG","$6,441,190","$0.458243","14056275","$69,545","2.38%","3.78%","-34.02%"
"208",208,"Bitcloud","BTDX","$6,401,813","$0.345964","18504274","$3,383","-0.12%","-8.20%","-32.96%"
"209",209,"Kore","KORE","$6,302,668","$3.12","2022465","$284,479","3.23%","5.79%","-33.46%"
"210",210,"Bitcoin Plus","XBC","$6,301,737","$59.98","105067","$21,304","2.22%","12.18%","-29.30%"
"211",211,"KiloCoin","KLC","$6,155,512","$0.031358","196297971","$1,847","3.97%","34.96%","-68.69%"
"212",212,"Breakout Stake","BRX","$6,090,921","$0.971736","6268082","$20,943","0.84%","14.59%","-20.09%"
"213",213,"Synergy","SNRG","$6,062,885","$1.78","3403783","$27,088","2.38%","16.67%","-36.66%"
"214",214,"TransferCoin","TX","$5,990,153","$0.947409","6322668","$2,182,310","1.63%","10.70%","-47.17%"
"215",215,"TrezarCoin","TZC","$5,926,410","$0.065584","90364200","$18,696","3.38%","-14.25%","-34.45%"
"216",216,"Rupee","RUP","$5,879,765","$0.256574","22916450","$23,909","2.35%","18.89%","-11.14%"
"217",217,"Blitzcash","BLITZ","$5,837,918","$1.42","4124658","$13,836","0.59%","0.04%","-33.23%"
"218",218,"Bitzeny","ZNY","$5,826,929","$0.077061","75614500","$23,316","2.39%","7.64%","-0.27%"
"219",219,"CannabisCoin","CANN","$5,802,664","$0.075134","77231176","$373,341","1.96%","12.95%","-30.56%"
"220",220,"Masternodecoin","MTNC","$5,791,133","$0.112162","51631859","$912","2.37%","5.59%","-37.47%"
"221",221,"GoldCoin","GLD","$5,768,616","$0.141325","40818084","$40,792","0.00%","1.79%","-35.39%"
"222",222,"Dotcoin","DOT","$5,762,703","$0.020488","281265250","$102,942","4.03%","-4.85%","-37.43%"
"223",223,"Bela","BELA","$5,602,211","$0.140396","39902925","$57,384","2.16%","-1.48%","-42.47%"
"224",224,"HollyWoodCoin","HWC","$5,586,111","$5.87","951605","$98,217","2.37%","19.11%","-29.97%"
"225",225,"Breakout","BRK","$5,518,332","$0.304173","18142083","$37,044","-0.39%","3.69%","-48.63%"
"226",226,"Social Send","SEND","$5,476,629","$0.171477","31937983","$34,853","2.40%","-6.67%","-26.58%"
"227",227,"Blockpool","BPL","$5,446,799","$0.244318","22293890","$506","2.29%","1.43%","-26.37%"
"228",228,"ChainCoin","CHC","$5,420,036","$0.369653","14662497","$24,425","4.65%","14.49%","-14.85%"
"229",229,"HomeBlockCoin","HBC","$5,385,200","$1.08","5000000","$104,623","1.37%","-15.87%","-65.86%"
"230",230,"DNotes","NOTE","$5,367,267","$0.040789","131587438","$1,924","2.59%","4.70%","-10.61%"
"231",231,"XGOX","XGOX","$5,142,996","$0.003788","1357768506","$11,049","2.64%","-16.29%","-26.36%"
"232",232,"2GIVE","2GIVE","$5,138,785","$0.009894","519365621","$46,850","2.13%","10.69%","-26.72%"
"233",233,"Vsync","VSX","$4,984,896","$0.030740","162162651","$23,573","1.56%","24.36%","-43.16%"
"234",234,"AudioCoin","ADC","$4,976,371","$0.005873","847390939","$19,578","4.87%","3.16%","-41.92%"
"235",235,"Karbo","KRB","$4,970,444","$0.939117","5292679","$81,009","2.15%","3.74%","-15.90%"
"236",236,"PutinCoin","PUT","$4,903,248","$0.013908","352546231","$25,712","1.42%","8.85%","-28.78%"
"237",237,"TeslaCoin","TES","$4,864,254","$0.065540","74217869","$21,167","3.08%","4.25%","-37.44%"
"238",238,"Regalcoin","REC","$4,850,351","$0.378963","12799009","$49,344","1.63%","-18.85%","-68.24%"
"239",239,"Creativecoin","CREA","$4,842,510","$0.362177","13370561","$5,331","2.37%","0.35%","-19.50%"
"240",240,"ExclusiveCoin","EXCL","$4,841,449","$1.09","4448308","$1,477,730","-0.07%","-6.80%","-37.56%"
"241",241,"ProCurrency","PROC","$4,829,675","$0.049867","96850934","$93,958","0.23%","-4.86%","-45.23%"
"242",242,"STRAKS","STAK","$4,687,679","$3.17","1479552","$55,661","4.17%","-0.07%","-16.34%"
"243",243,"Interstellar ...","HOLD","$4,403,161","$0.034990","125840191","$18,568","3.16%","-1.22%","-33.36%"
"244",244,"SpreadCoin","SPR","$4,402,174","$0.461217","9544692","$57,062","0.96%","0.05%","-42.01%"
"245",245,"IntenseCoin","ITNS","$4,390,510","$0.012298","357018814","$10,451","2.73%","3.02%","-41.93%"
"246",246,"IncaKoin","NKA","$4,165,453","$0.000317","13157581067","$1,225","2.37%","-16.88%","-31.83%"
"247",247,"Terracoin","TRC","$4,146,873","$0.186711","22210118","$7,242","4.65%","1.43%","-27.84%"
"248",248,"EverGreenCoin","EGC","$4,127,898","$0.309872","13321301","$47,217","1.93%","22.67%","-19.31%"
"249",249,"VIVO","VIVO","$4,098,795","$3.44","1190448","$85,779","1.99%","0.87%","-22.76%"
"250",250,"TheGCCcoin","GCC","$4,063,220","$0.007124","570362121","$2,977","3.52%","6.21%","-2.11%"
"251",251,"Anoncoin","ANC","$4,059,110","$1.92","2110317","$5,050","2.37%","26.84%","-13.55%"
"252",252,"MarteXcoin","MXT","$4,057,654","$1.41","2877728","$1,208","-4.70%","-1.32%","-20.27%"
"253",253,"TrustPlus","TRUST","$3,957,015","$0.123323","32086595","$7,009","6.26%","11.98%","-31.29%"
"254",254,"Startcoin","START","$3,948,128","$0.087581","45079785","$71,561","2.52%","0.98%","-36.82%"
"255",255,"FirstCoin","FRST","$3,926,660","$2.10","1869936","$535,189","1.53%","7.00%","-30.97%"
"256",256,"Sexcoin","SXC","$3,910,806","$0.031041","125988007","$5,894","-0.57%","4.66%","-26.48%"
"257",257,"Crypto Bullion","CBX","$3,833,017","$3.80","1008840","$13,042","2.37%","67.04%","10.32%"
"258",258,"Zero","ZER","$3,825,549","$1.50","2543820","$25,725","8.53%","-1.13%","-44.45%"
"259",259,"Pure","PURE","$3,817,818","$1.18","3247521","$9,991","2.37%","16.90%","-15.66%"
"260",260,"Denarius","DNR","$3,708,552","$1.62","2284435","$14,023","2.37%","0.75%","-29.69%"
"261",261,"BunnyCoin","BUN","$3,628,115","$0.000035","102607394465","$2,061","11.81%","-36.76%","-60.45%"
"262",262,"FORCE","FOR","$3,569,043","$0.032197","110848436","$1,776","2.37%","-4.98%","-17.58%"
"263",263,"ParkByte","PKB","$3,566,569","$0.748646","4764026","$207,716","4.41%","23.93%","-22.28%"
"264",264,"Photon","PHO","$3,384,734","$0.000158","21380420325","$266,458","11.70%","7.36%","-50.78%"
"265",265,"Monkey Project","MONK","$3,361,776","$7.75","433531","$38,156","4.89%","5.75%","-45.95%"
"266",266,"HunterCoin","HUC","$3,299,302","$0.155143","21266200","$8,343","3.45%","1.59%","-33.96%"
"267",267,"e-Gulden","EFL","$3,216,889","$0.196872","16340004","$19,616","2.37%","9.76%","-31.28%"
"268",268,"Ellaism","ELLA","$3,209,119","$0.695554","4613760","$23,286","2.75%","1.23%","-31.87%"
"269",269,"Condensate","RAIN","$3,172,445","$0.031216","101629785","$13,332","5.54%","15.51%","-15.59%"
"270",270,"Zeitcoin","ZEIT","$3,117,813","$0.000084","36971181612","$2,378","-37.11%","-26.98%","-46.99%"
"271",271,"Adzcoin","ADZ","$3,081,187","$0.070865","43479797","$7,827","1.93%","14.96%","-26.41%"
"272",272,"BlueCoin","BLU","$3,028,043","$0.005269","574683675","$2,096","-1.40%","10.24%","-36.35%"
"273",273,"Yocoin","YOC","$3,015,458","$0.027275","110558800","$12,731","0.36%","1.77%","-38.16%"
"274",274,"Magi","XMG","$2,998,347","$0.386736","7752956","$36,092","3.23%","4.34%","-47.58%"
"275",275,"Quark","QRK","$2,938,839","$0.011556","254315010","$3,919","1.62%","9.61%","-31.19%"
"276",276,"eBoost","EBST","$2,932,212","$0.244351","12000000","$79,334","2.23%","10.00%","-34.62%"
"277",277,"Zephyr","ZEPH","$2,914,942","$0.023136","125990535","$1,688","1.10%","0.80%","-54.59%"
"278",278,"42-coin","42","$2,836,069","$67525.50","41","$3,353","2.41%","5.95%","-16.65%"
"279",279,"Footy Cash","XFT","$2,756,014","$0.601656","4580714","$6,312","-1.14%","-6.27%","-39.22%"
"280",280,"OP Coin","OPC","$2,711,168","$0.043305","62605776","$39,647","1.10%","-1.62%","-37.73%"
"281",281,"ArcticCoin","ARC","$2,682,010","$0.108865","24636111","$20,513","-5.13%","20.61%","13.12%"
"282",282,"Version","V","$2,620,242","$0.005462","479750245","$628","3.65%","7.72%","-42.63%"
"283",283,"Unitus","UIS","$2,592,330","$0.055408","46785866","$15,662","10.58%","13.93%","-24.39%"
"284",284,"Abjcoin","ABJ","$2,542,892","$0.307663","8265187","$16,138","0.16%","-9.76%","48.79%"
"285",285,"EquiTrader","EQT","$2,503,240","$0.246281","10164163","$3,528","2.56%","-0.82%","-42.42%"
"286",286,"LiteDoge","LDOGE","$2,438,592","$0.000163","14939516038","$16,347","-29.73%","-12.41%","-47.25%"
"287",287,"Dinastycoin","DCY","$2,344,680","$0.001582","1481705187","$17,186","13.75%","34.15%","-4.56%"
"288",288,"Canada eCoin","CDN","$2,305,086","$0.023662","97415544","$8,156","3.11%","1.95%","-3.39%"
"289",289,"DigitalPrice","DP","$2,259,661","$0.123034","18366149","$12,711","2.64%","11.25%","-37.74%"
"290",290,"Linx","LINX","$2,259,000","$0.133839","16878490","$22,957","5.87%","16.79%","-18.19%"
"291",291,"CampusCoin","CMPCO","$2,246,883","$0.006607","340090547","$30,669","1.34%","3.91%","-15.43%"
"292",292,"Moin","MOIN","$2,242,585","$0.302616","7410662","$7,750","2.49%","9.25%","-28.62%"
"293",293,"NobleCoin","NOBL","$2,205,252","$0.000950","2321664978","$10,004","2.38%","9.54%","-47.82%"
"294",294,"Qbic","QBIC","$2,000,296","$9.68","206730","$140,881","1.79%","-5.63%","-32.34%"
"295",295,"Elementrem","ELE","$1,994,341","$0.076780","25974678","$559","2.18%","-1.63%","-23.32%"
"296",296,"Centurion","CNT","$1,912,225","$0.025884","73877869","$756","2.37%","4.41%","-48.13%"
"297",297,"PopularCoin","POP","$1,891,532","$0.000554","3412525918","$2,786","2.36%","5.33%","-12.58%"
"298",298,"Unify","UNIFY","$1,890,707","$0.105972","17841569","$5,045","2.39%","12.59%","-10.35%"
"299",299,"Skeincoin","SKC","$1,890,277","$0.142400","13274415","$7,691","10.76%","35.82%","-1.78%"
"300",300,"UnbreakableCoin","UNB","$1,875,576","$0.823289","2278150","$329,798","2.14%","8.37%","-31.93%"
"301",301,"Bata","BTA","$1,870,819","$0.374332","4997753","$6,795","0.31%","9.59%","-19.06%"
"302",302,"InsaneCoin","INSN","$1,870,316","$0.101721","18386720","$1,657","2.67%","20.05%","-7.81%"
"303",303,"WorldCoin","WDC","$1,869,350","$0.015857","117890967","$1,325","3.01%","4.79%","-34.71%"
"304",304,"Fastcoin","FST","$1,813,386","$0.011557","156913424","$1,054","1.38%","2.99%","-7.01%"
"305",305,"Bitradio","BRO","$1,791,870","$0.293788","6099193","$3,420","2.83%","31.08%","-19.35%"
"306",306,"Cream","CRM","$1,789,388","$0.039736","45032247","$18,680","1.78%","-6.31%","-42.91%"
"307",307,"Copico","XCPO","$1,769,831","$0.112394","15746668","$14,668","2.37%","6.99%","-18.96%"
"308",308,"KekCoin","KEK","$1,749,616","$0.166225","10525586","$6,192","2.37%","25.07%","-13.21%"
"309",309,"AurumCoin","AU","$1,706,754","$5.74","297502","$1,031","2.48%","4.97%","-18.44%"
"310",310,"Bytecent","BYC","$1,704,679","$0.857801","1987266","$14,743","3.57%","12.44%","-26.27%"
"311",311,"FlutterCoin","FLT","$1,692,813","$0.003879","436450711","$624","1.19%","-2.60%","-33.01%"
"312",312,"MACRON","MCRN","$1,684,047","$0.004195","401421401","$1,761","2.37%","-6.29%","51.73%"
"313",313,"FujiCoin","FJC","$1,674,729","$0.001289","1299246334","$10,906","2.42%","2.51%","-31.59%"
"314",314,"MazaCoin","MZC","$1,670,717","$0.001583","1055345280","$6,029","2.38%","5.13%","-27.06%"
"315",315,"Renos","RNS","$1,585,024","$0.047518","33356077","$2,044","2.37%","-24.49%","-41.44%"
"316",316,"Zennies","ZENI","$1,584,327","$0.001583","1000812836","$102,362","2.37%","7.41%","-13.04%"
"317",317,"LanaCoin","LANA","$1,510,174","$0.001741","867213423","$4,409","-0.23%","3.27%","2.91%"
"318",318,"Greencoin","GRE","$1,494,497","$0.000396","3776136641","$1,664","-5.72%","-15.78%","-50.99%"
"319",319,"LeviarCoin","XLC","$1,474,390","$0.138996","10607429","$4,094","-6.28%","-7.87%","-50.24%"
"320",320,"Growers Inter...","GRWI","$1,442,098","$1.23","1175247","$9,069","5.60%","7.21%","-27.08%"
"321",321,"Scorecoin","SCORE","$1,433,813","$0.034353","41737500","$1,014","2.18%","-10.89%","-44.37%"
"322",322,"Influxcoin","INFX","$1,429,735","$0.854398","1673383","$44,137","2.41%","21.57%","-32.37%"
"323",323,"Bitcoin Scrypt","BTCS","$1,424,679","$0.085487","16665413","$5,705","2.37%","-12.14%","-17.50%"
"324",324,"Orbitcoin","ORB","$1,388,693","$0.442475","3138467","$3,363","26.18%","15.18%","-25.07%"
"325",325,"CryptoCarbon","CCRB","$1,364,363","$0.383021","3562111","$46,045","2.74%","-8.50%","-11.94%"
"326",326,"Cryptojacks","CJ","$1,331,683","$0.003275","406568581","$26,726","1.51%","2.01%","-41.90%"
"327",327,"Zetacoin","ZET","$1,327,296","$0.007923","167523369","$804","1.89%","4.46%","-23.93%"
"328",328,"Megacoin","MEC","$1,299,276","$0.035322","36783962","$994","2.37%","0.31%","-55.09%"
"329",329,"SmartCoin","SMC","$1,287,661","$0.053904","23887863","$693","1.92%","-6.50%","-26.27%"
"330",330,"Digitalcoin","DGC","$1,274,924","$0.045455","28048223","$1,294","3.46%","8.20%","-35.79%"
"331",331,"Cryptonite","XCN","$1,268,187","$0.003245","390770467","$1,457","2.37%","3.09%","-43.86%"
"332",332,"NetCoin","NET","$1,246,100","$0.001583","787126712","$2,229","0.71%","-1.89%","-32.72%"
"333",333,"BlakeStar","BLAS","$1,235,020","$0.004360","283270646","$4,127","0.23%","2.48%","-35.41%"
"334",334,"Netko","NETKO","$1,204,686","$0.253058","4760515","$2,176","2.30%","29.47%","5.50%"
"335",335,"HOdlcoin","HODL","$1,196,785","$0.007282","164342925","$2,496","3.49%","9.73%","-19.46%"
"336",336,"TittieCoin","TTC","$1,196,647","$0.000950","1259816434","$2,521","2.38%","-3.63%","-25.66%"
"337",337,"Desire","DSR","$1,155,834","$1.14","1012637","$20,888","1.51%","0.89%","-38.90%"
"338",338,"Halcyon","HAL","$1,133,719","$0.205803","5508759","$4,250","9.21%","48.16%","-28.24%"
"339",339,"DFSCoin","DFS","$1,120,043","$0.066325","16887262","$14,459","-0.09%","1.97%","-48.66%"
"340",340,"CoinonatX","XCXT","$1,118,897","$0.061537","18182448","$13,171","1.40%","15.03%","-35.15%"
"341",341,"Triangles","TRI","$1,117,537","$10.68","104670","$1,474","2.38%","28.03%","-5.46%"
"342",342,"Machinecoin","MAC","$1,109,738","$0.054379","20407325","$1,839","1.63%","6.44%","-24.75%"
"343",343,"Aricoin","ARI","$1,076,938","$0.007678","140262505","$102,813","-2.46%","50.45%","22.32%"
"344",344,"BlazeCoin","BLZ","$1,059,748","$0.001741","608557394","$12,118","-2.07%","?","?"
"345",345,"DROXNE","DRXNE","$1,046,051","$0.015673","66743486","$3,450","1.85%","8.59%","-34.25%"
"346",346,"I0Coin","I0C","$1,038,317","$0.049472","20988049","$989","2.38%","12.31%","-24.86%"
"347",347,"BigUp","BIGUP","$1,035,710","$0.000485","2136423421","$1,154","3.45%","9.75%","-14.35%"
"348",348,"Capricoin","CPC","$1,029,450","$0.517300","1990045","$100,870","2.26%","0.75%","-20.53%"
"349",349,"Piggycoin","PIGGY","$1,021,394","$0.002088","489248526","$888","-1.12%","-0.75%","-32.82%"
"350",350,"Deutsche eMark","DEM","$962,673","$0.027942","34452904","$959","0.22%","11.65%","-32.06%"
"351",351,"Trollcoin","TROLL","$948,287","$0.001667","568974348","$553","1.70%","4.66%","-20.29%"
"352",352,"Madcoin","MDC","$944,104","$0.518849","1819612","$8,796","15.09%","-15.24%","-19.23%"
"353",353,"iTicoin","ITI","$923,763","$28.87","32000","$1,940","2.38%","2.53%","-34.98%"
"354",354,"Guncoin","GUN","$892,559","$0.004433","201359278","$701","4.23%","12.19%","-29.83%"
"355",355,"Kobocoin","KOBO","$879,815","$0.035620","24700248","$970","2.38%","-12.07%","-47.29%"
"356",356,"Fantomcoin","FCN","$873,619","$0.126648","6898008","$1,877","2.38%","-2.22%","-33.16%"
"357",357,"Eternity","ENT","$870,080","$0.210489","4133611","$4,021","2.37%","14.68%","-45.63%"
"358",358,"Elcoin","EL","$869,135","$0.077539","11208967","$5,290","2.31%","9.56%","-16.84%"
"359",359,"Steneum Coin","STN","$859,425","$0.400785","2144354","$40,461","3.16%","-14.61%","-54.08%"
"360",360,"Happycoin","HPC","$847,535","$0.063324","13384128","$1,875","2.37%","-6.98%","-56.12%"
"361",361,"BiblePay","BBP","$842,712","$0.002131","395407229","$1,025","2.07%","5.54%","-32.73%"
"362",362,"Rimbit","RBT","$828,894","$0.004195","197581050","$11,258","-1.34%","-9.48%","-11.50%"
"363",363,"GanjaCoin","MRJA","$815,783","$0.183243","4451920","$1,252","2.38%","?","?"
"364",364,"FuelCoin","FC2","$804,836","$0.007915","101678759","$1,821","2.38%","3.81%","-43.99%"
"365",365,"UniCoin","UNIC","$804,358","$0.269522","2984388","$3,289","2.38%","-6.50%","-41.19%"
"366",366,"Nyancoin","NYAN","$799,170","$0.002506","318929301","$704","2.12%","-5.76%","-33.10%"
"367",367,"WhaleCoin","WHL","$797,149","$0.123280","6466167","$784","2.19%","4.84%","-6.57%"
"368",368,"TrumpCoin","TRUMP","$786,190","$0.120009","6551090","$1,974","-1.23%","-1.62%","-22.97%"
"369",369,"Kurrent","KURT","$778,959","$0.012694","61364813","$755","0.32%","-8.81%","-34.71%"
"370",370,"Visio","VISIO","$761,992","$0.014960","50934292","$1,149","2.18%","-10.31%","-45.29%"
"371",371,"PureVidz","VIDZ","$760,647","$0.006072","125279775","$891","2.34%","7.00%","-27.39%"
"372",372,"PlatinumBAR","XPTX","$760,012","$1.38","551817","$2,393","0.91%","5.61%","-24.00%"
"373",373,"Pascal Lite","PASL","$755,294","$0.150394","5022100","$6,866","7.47%","?","?"
"374",374,"MojoCoin","MOJO","$738,386","$0.060706","12163408","$6,427","-0.35%","-24.93%","-19.70%"
"375",375,"GoldBlocks","GB","$731,182","$0.047655","15343182","$1,626","-6.18%","-14.06%","-37.33%"
"376",376,"PetroDollar","XPD","$719,284","$0.011240","63993275","$1,707","-4.98%","-3.57%","-49.50%"
"377",377,"BritCoin","BRIT","$708,417","$0.033309","21268092","$6,610","2.30%","29.10%","-15.30%"
"378",378,"Joulecoin","XJO","$705,620","$0.020185","34958495","$1,901","0.73%","7.26%","-34.96%"
"379",379,"Sterlingcoin","SLG","$699,309","$0.165478","4225992","$716","5.87%","16.01%","-27.95%"
"380",380,"DaxxCoin","DAXX","$681,624","$0.001346","506546590","$3,079","5.93%","12.60%","-22.71%"
"381",381,"GlobalToken","GLT","$671,163","$0.023995","27971200","$9,255","2.35%","8.28%","-20.32%"
"382",382,"AdCoin","ACC","$667,431","$0.118960","5610552","$8,406","2.20%","-17.04%","-22.52%"
"383",383,"Motocoin","MOTO","$654,987","$0.035066","18678908","$1,565","2.38%","2.77%","-46.30%"
"384",384,"Pakcoin","PAK","$642,256","$0.013298","48297150","$3,011","0.00%","8.27%","-28.26%"
"385",385,"Nekonium","NUKO","$640,336","$0.071239","8988522","$881","14.88%","2.63%","-38.27%"
"386",386,"SagaCoin","SAGA","$635,771","$2.87","221789","$118,363","0.85%","-4.50%","-28.02%"
"387",387,"808Coin","808","$630,272","$0.000158","3978187849","$6,701","2.34%","-10.78%","-38.07%"
"388",388,"Ammo Reloaded","AMMO","$615,648","$0.007915","77777777","$2,090","2.38%","2.36%","-38.95%"
"389",389,"SecureCoin","SRC","$610,926","$0.072306","8449156","$10,882","-2.11%","-19.69%","-13.41%"
"390",390,"Garlicoin","GRLC","$609,039","$0.331986","1834533","$18,817","-3.60%","-6.47%","-75.20%"
"391",391,"Coin(O)","CNO","$591,242","$0.005620","105203380","$2,507","2.38%","25.78%","-29.53%"
"392",392,"SwagBucks","BUCKS","$589,787","$1.67","352929","$920","2.37%","-16.66%","-41.35%"
"393",393,"HiCoin","XHI","$585,687","$0.003087","189729990","$24,724","5.06%","16.69%","-22.58%"
"394",394,"DigiCube","CUBE","$576,830","$0.000237","2429126009","$11,006","2.37%","56.61%","-10.07%"
"395",395,"Argentum","ARG","$576,166","$0.064483","8935174","$4,471","-0.85%","4.98%","-2.74%"
"396",396,"Blakecoin","BLC","$563,803","$0.037282","15122697","$712","2.38%","-7.27%","-40.46%"
"397",397,"TEKcoin","TEK","$559,646","$0.000396","1414054562","$16,319","2.38%","10.98%","18.53%"
"398",398,"Ethereum Dark","ETHD","$555,141","$0.370094","1500000","$44,680","4.21%","-8.26%","-14.97%"
"399",399,"Atomic Coin","ATOM","$544,288","$0.039094","13922551","$11,378","2.39%","-12.42%","-53.62%"
"400",400,"8Bit","8BIT","$525,072","$0.357717","1467841","$852","2.37%","-0.81%","-32.50%"
"401",401,"Dashcoin","DSH","$517,228","$0.029430","17574970","$919","2.37%","3.13%","-31.73%"
"402",402,"SuperCoin","SUPER","$505,434","$0.010528","48010340","$1,307","-6.43%","-0.81%","-42.86%"
"403",403,"Pioneer Coin","PCOIN","$501,830","$0.249496","2011376","$5,253","2.37%","10.57%","-36.79%"
"404",404,"RedCoin","RED","$498,610","$0.006728","74107896","$1,140","3.76%","5.65%","-23.35%"
"405",405,"OctoCoin","888","$492,649","$0.009419","52301454","$17,299","5.93%","-9.57%","-45.91%"
"406",406,"Prime-XI","PXI","$488,980","$0.025884","18891495","$4,158","2.38%","20.45%","-3.75%"
"407",407,"SpaceCoin","SPACE","$483,904","$0.022480","21525962","$1,317","2.38%","34.98%","-14.15%"
"408",408,"AllSafe","ASAFE2","$481,528","$0.058721","8200310","$2,394","1.39%","3.90%","-19.66%"
"409",409,"ChanCoin","CHAN","$481,407","$0.066486","7240765","$7,745","2.37%","23.11%","-12.34%"
"410",410,"Philosopher S...","PHS","$470,351","$0.078205","6014340","$624","2.37%","26.06%","1.78%"
"411",411,"ZoZoCoin","ZZC","$469,309","$0.794428","590751","$5,398","-0.69%","-13.74%","-28.05%"
"412",412,"Ratecoin","XRA","$467,181","$0.003958","118042489","$546","2.38%","-1.51%","-26.37%"
"413",413,"Grimcoin","GRIM","$442,899","$0.007710","57442525","$928","1.57%","11.79%","-46.70%"
"414",414,"C-Bit","XCT","$436,285","$0.002768","157625875","$1,360","0.73%","-12.93%","-40.25%"
"415",415,"Bolivarcoin","BOLI","$422,923","$0.046749","9046750","$1,872","2.31%","4.86%","-36.02%"
"416",416,"FinCoin","FNC","$422,101","$0.032775","12878667","$551","2.18%","30.83%","-24.61%"
"417",417,"AquariusCoin","ARCO","$415,348","$0.262715","1580983","$1,966","2.37%","-1.73%","5.64%"
"418",418,"SixEleven","611","$413,539","$0.945516","437369","$2,795","20.89%","57.83%","21.00%"
"419",419,"Bitcoin Fast","BCF","$388,041","$0.068073","5700352","$1,522","2.37%","4.18%","-25.65%"
"420",420,"Global Tour Coin","GTC","$383,249","$0.012823","29887402","$19,094","33.44%","83.83%","64.53%"
"421",421,"Swing","SWING","$381,151","$0.127914","2979741","$538","2.38%","7.47%","-23.27%"
"422",422,"Helleniccoin","HNC","$379,983","$0.005837","65095380","$2,084","3.45%","4.03%","-51.33%"
"423",423,"PostCoin","POST","$371,601","$0.023418","15868233","$3,411","1.97%","0.86%","-41.50%"
"424",424,"GoldReserve","XGR","$366,983","$0.021372","17171382","$605","5.91%","-13.67%","-34.25%"
"425",425,"Bitgem","BTG","$356,619","$5.94","60070","$2,193","2.37%","1.63%","-33.64%"
"426",426,"GlobalBoost-Y","BSTY","$352,873","$0.025826","13663311","$13,440","-4.70%","28.52%","-24.58%"
"427",427,"Independent M...","IMS","$352,731","$0.065699","5368934","$3,160","-0.16%","32.31%","-5.97%"
"428",428,"SoonCoin","SOON","$343,294","$0.027546","12462620","$5,001","7.01%","10.69%","-30.90%"
"429",429,"LeaCoin","LEA","$342,297","$0.001029","332646495","$8,159","2.37%","11.07%","-54.13%"
"430",430,"Litecoin Plus","LCP","$321,603","$0.324297","991692","$2,871","-7.86%","-4.01%","-35.94%"
"431",431,"Rubies","RBIES","$314,927","$0.030237","10415252","$1,472","-2.95%","2.52%","-24.63%"
"432",432,"YENTEN","YTN","$309,636","$0.091740","3375128","$648","2.52%","3.03%","-46.47%"
"433",433,"TagCoin","TAG","$304,691","$0.049076","6208558","$1,763","2.37%","-3.39%","-42.02%"
"434",434,"LiteBitcoin","LBTC","$297,799","$0.010290","28940333","$18,087","-4.94%","15.31%","-24.96%"
"435",435,"Hexx","HXX","$297,041","$0.195354","1520529","$660","2.37%","4.20%","-32.12%"
"436",436,"BitCoal","COAL","$289,029","$0.064229","4500000","$2,413","4.03%","6.77%","-34.02%"
"437",437,"Kayicoin","KAYI","$287,781","$0.001012","284345719","$8,683","2.19%","1.16%","-30.16%"
"438",438,"ReeCoin","REE","$278,858","$0.000109","2560000000","$2,485","-4.44%","13.09%","-22.56%"
"439",439,"Crypto","CTO","$277,533","$0.021372","12985954","$3,381","2.38%","35.63%","91.48%"
"440",440,"BitQuark","BTQ","$276,593","$0.029129","9495456","$1,239","2.43%","5.43%","39.72%"
"441",441,"Eurocoin","EUC","$265,364","$0.021372","12416554","$11,092","-5.34%","8.58%","-21.81%"
"442",442,"Advanced Inte...","AIB","$250,959","$0.010511","23876767","$17,931","1.60%","-6.40%","-27.69%"
"443",443,"VoteCoin","VOT","$239,643","$0.014546","16474625","$1,235","-21.55%","3.86%","-22.88%"
"444",444,"Eryllium","ERY","$236,703","$0.042146","5616315","$6,130","2.94%","5.37%","-40.97%"
"445",445,"Rupaya","RUPX","$222,480","$0.036017","6177096","$690","2.37%","-5.65%","-34.27%"
"446",446,"Evotion","EVO","$217,147","$0.067519","3216078","$961","-1.97%","6.39%","-25.30%"
"447",447,"Darsek","KED","$214,141","$0.012586","17014779","$522","14.24%","20.99%","-36.14%"
"448",448,"MustangCoin","MST","$206,144","$0.327034","630343","$1,633","2.37%","-5.92%","-30.49%"
"449",449,"ICOBID","ICOB","$203,362","$0.001900","107048455","$1,028","2.37%","-3.77%","-44.10%"
"450",450,"Beatcoin","XBTS","$194,547","$0.127598","1524686","$679","-0.90%","3.42%","-21.14%"
"451",451,"NevaCoin","NEVA","$191,626","$0.075039","2553690","$3,299","2.38%","40.45%","-16.77%"
"452",452,"FuzzBalls","FUZZ","$188,480","$0.039023","4829945","$565","10.46%","14.29%","-31.52%"
"453",453,"Creatio","XCRE","$178,673","$0.008707","20520514","$1,405","2.38%","3.38%","-20.58%"
"454",454,"ParallelCoin","DUO","$176,520","$0.562078","314049","$2,097","-39.63%","-42.14%","-60.37%"
"455",455,"Roofs","ROOFS","$174,932","$0.001346","130000000","$2,226","2.37%","47.90%","31.78%"
"456",456,"X-Coin","XCO","$174,499","$0.014090","12384976","$1,451","2.18%","8.45%","-19.83%"
"457",457,"PayCon","CON","$164,154","$0.007124","23042604","$763","-15.62%","6.42%","-31.90%"
"458",458,"EcoCoin","ECO","$160,951","$0.139550","1153359","$566","2.38%","-7.79%","-23.17%"
"459",459,"Cthulhu Offer...","OFF","$146,782","$0.055962","2622860","$9,813","2.38%","15.85%","-27.90%"
"460",460,"Marijuanacoin","MAR","$145,809","$0.089366","1631601","$1,043","-1.62%","-4.15%","-43.35%"
"461",461,"Coinonat","CXT","$142,117","$0.016481","8623200","$7,109","-8.62%","39.99%","-32.67%"
"462",462,"Spots","SPT","$141,884","$0.006332","22406021","$2,887","2.38%","27.04%","-17.90%"
"463",463,"Gold Pressed ...","GPL","$138,604","$0.540311","256527","$540","2.38%","-2.31%","-31.52%"
"464",464,"Allion","ALL","$135,781","$0.021902","6199359","$636","-2.53%","13.92%","-33.44%"
"465",465,"GoldPieces","GP","$134,731","$0.110421","1220161","$2,390","2.37%","-0.29%","-35.15%"
"466",466,"BenjiRolls","BENJI","$126,791","$0.006253","20276099","$3,058","2.38%","5.40%","-28.41%"
"467",467,"VapersCoin","VPRC","$123,502","$0.000158","780124964","$2,540","2.37%","-3.66%","-48.49%"
"468",468,"Solarflarecoin","SFC","$118,054","$0.008382","14083450","$913","-9.20%","0.13%","-24.58%"
"469",469,"TajCoin","TAJ","$117,489","$0.014327","8200497","$774","2.38%","-13.72%","-31.43%"
"470",470,"BnrtxCoin","BNX","$115,635","$0.004037","28644501","$1,028","2.37%","4.54%","-32.95%"
"471",471,"Kronecoin","KRONE","$115,532","$0.023341","4949802","$1,551","2.37%","7.34%","-34.25%"
"472",472,"LiteCoin Ultra","LTCU","$92,230","$0.092295","999302","$3,210","1.07%","-13.12%","-17.12%"
"473",473,"Master Swiscoin","MSCN","$85,390","$0.001892","45143320","$4,890","1.31%","8.67%","-19.71%"
"474",474,"PlayerCoin","PLACO","$52,818","$0.001504","35120000","$836","2.37%","10.21%","-51.04%"
"475",475,"Credence Coin","CRDNC","$45,820","$0.013370","3427006","$715","2.18%","-17.15%","-44.95%"
"476",476,"GeertCoin","GEERT","$42,498","$0.008347","5091200","$886","2.42%","-4.18%","-51.89%"
"477",477,"WomenCoin","WOMEN","$42,003","$0.000950","44220400","$1,532","7.50%","10.92%","-52.97%"
"478",478,"LevoPlus","LVPS","$33,166","$0.016701","1985817","$4,786","2.37%","-5.37%","37.58%"
"479",479,"PRCoin","PRC","$32,382","$0.001821","17786600","$21,523","2.38%","23.17%","-40.10%"
"480",480,"Dollar Online","DOLLAR","$30,966","$0.041081","753776","$3,986","-3.61%","-1.87%","-32.45%"
"481",481,"CybCSec","XCS","$29,038","$0.002454","11834082","$13,552","2.37%","4.88%","-57.86%"
"482",482,"Coupecoin","COUPE","$28,416","$0.000130","218281462","$3,107","1.99%","5.99%","-18.72%"
"483",483,"Argus","ARGUS","$20,534","$0.017881","1148324","$892","2.17%","-13.29%","-50.17%"
"484",484,"Aerium","AERM","$18,157","$0.011933","1521492","$174,062","10.76%","-4.53%","-65.00%"
"485",485,"CrevaCoin","CREVA","$17,283","$0.000475","36390750","$1,749","22.84%","25.29%","-29.16%"
"486",486,"CaliphCoin","CALC","$10,998","$0.001653","6651808","$102,109","2.30%","132.96%","58.70%"
"487",487,"Vault Coin","VLTC","$8,579","$0.000282","30385540","$20,435","2.47%","47.45%","-56.50%"
"488",488,"HarmonyCoin","HMC","$3,332","$0.005937","561235","$1,142","2.37%","-2.13%","-25.96%"
"489",489,"Digital Money...","DMB","$1,567","$0.003720","421300","$971","2.37%","-11.80%","-29.03%"
"490",490,"Bismuth","BIS","$17,233,885","$2.29","7535388","Low Vol","?","?","0.49%"
"491",491,"The ChampCoin","TCC","$8,838,007","$0.053588","164925727","Low Vol","2.38%","4.41%","-21.74%"
"492",492,"CHIPS","CHIPS","$5,986,510","$0.288644","20740114","Low Vol","-1.12%","-8.77%","-4.55%"
"493",493,"Virtacoin","VTA","$5,336,804","$0.001026","5201310113","Low Vol","?","?","?"
"494",494,"LuckChain","BASH","$3,683,185","$0.005145","715868299","Low Vol","2.37%","28.05%","-4.13%"
"495",495,"Carboncoin","CARBON","$3,392,077","$0.000220","15392015928","?","?","?","-33.12%"
"496",496,"Ixcoin","IXC","$3,348,305","$0.159450","20999088","Low Vol","2.38%","4.63%","-20.22%"
"497",497,"DraftCoin","DFT","$2,948,607","$1.05","2796186","?","?","?","-23.77%"
"498",498,"InflationCoin","IFLT","$2,943,486","$0.000079","37186445285","Low Vol","2.37%","4.41%","-43.23%"
"499",499,"FIMKrypto","FIMK","$2,838,032","$0.004919","577004618","Low Vol","2.38%","4.41%","?"
"500",500,"SmileyCoin","SMLY","$2,755,057","$0.000106","25960250000","Low Vol","3.29%","15.67%","-46.60%"
"501",501,"Ultimate Secu...","USC","$1,945,229","$0.188070","10343113","?","?","?","-13.55%"
"502",502,"ShadowCash","SDC","$1,375,816","$0.205495","6695133","Low Vol","?","?","-11.47%"
"503",503,"Shorty","SHORTY","$1,190,050","$0.011900","100000000","?","?","?","-30.38%"
"504",504,"MetalCoin","METAL","$1,062,572","$0.013813","76925527","?","?","?","17.74%"
"505",505,"UltraCoin","UTC","$1,033,995","$0.022638","45674589","Low Vol","2.37%","13.11%","-20.24%"
"506",506,"QubitCoin","Q2C","$1,002,808","$0.004037","248410375","Low Vol","2.18%","7.64%","-29.01%"
"507",507,"BitBar","BTB","$1,002,510","$27.74","36139","Low Vol","2.36%","-9.28%","-32.51%"
"508",508,"Universe","UNI","$984,235","$0.063752","15438400","Low Vol","?","?","-35.70%"
"509",509,"Woodcoin","LOG","$928,595","$0.115566","8035193","Low Vol","10.73%","12.83%","-31.40%"
"510",510,"GAIA","GAIA","$911,900","$0.037836","24101381","Low Vol","2.37%","8.93%","-25.32%"
"511",511,"Bitstar","BITS","$858,631","$0.037203","23079737","Low Vol","2.38%","-7.59%","-42.40%"
"512",512,"HoboNickels","HBN","$817,539","$0.012744","64151405","Low Vol","6.33%","10.34%","-38.86%"
"513",513,"Opal","OPAL","$803,210","$0.053034","15145276","Low Vol","2.38%","8.64%","-16.29%"
"514",514,"HitCoin","HTC","$778,935","$0.000071","10996318099","?","?","?","-58.06%"
"515",515,"Bitcurrency","BTCR","$768,877","$0.004534","169598616","?","?","?","-39.56%"
"516",516,"Quebecoin","QBC","$686,981","$0.044981","15272733","?","?","?","317.26%"
"517",517,"Titcoin","TIT","$675,397","$0.013536","49898202","Low Vol","2.37%","7.14%","-22.99%"
"518",518,"Flycoin","FLY","$671,416","$3.19","210806","?","?","?","-9.96%"
"519",519,"Prototanium","PR","$666,353","$3.39","196323","Low Vol","2.38%","-1.87%","-22.05%"
"520",520,"Phoenixcoin","PXC","$663,444","$0.010369","63981570","Low Vol","10.97%","7.55%","-22.95%"
"521",521,"BTCtalkcoin","TALK","$642,865","$0.009846","65290635","?","?","?","-14.15%"
"522",522,"BitTokens","BXT","$597,723","$1.04","576568","Low Vol","2.37%","2.91%","-42.41%"
"523",523,"Tattoocoin (S...","TSE","$594,289","$0.006572","90421856","Low Vol","?","9.74%","-27.11%"
"524",524,"Joincoin","J","$592,695","$0.194246","3051262","Low Vol","2.38%","32.00%","6.86%"
"525",525,"MaxCoin","MAX","$587,598","$0.009563","61445805","Low Vol","?","?","-13.35%"
"526",526,"TOKYO","TOKC","$566,209","$0.004851","116724804","?","?","?","-28.75%"
"527",527,"Bitz","BITZ","$550,005","$0.276261","1990891","?","?","?","-39.99%"
"528",528,"AmberCoin","AMBER","$541,712","$0.012396","43699481","?","?","?","-38.41%"
"529",529,"LiteBar","LTB","$541,648","$0.625244","866299","Low Vol","2.37%","1.25%","-16.59%"
"530",530,"Signatum","SIGT","$535,385","$0.004959","107972766","?","?","?","-35.24%"
"531",531,"Truckcoin","TRK","$534,712","$0.003166","168881845","Low Vol","2.37%","4.32%","-35.26%"
"532",532,"Cashcoin","CASH","$524,554","$0.011003","47675905","Low Vol","2.38%","0.09%","-19.36%"
"533",533,"iCoin","ICN","$518,463","$0.017638","29394325","?","?","?","-14.71%"
"534",534,"KushCoin","KUSH","$509,566","$0.092928","5483458","Low Vol","2.37%","-0.06%","-29.08%"
"535",535,"Chronos","CRX","$507,739","$0.006886","73729962","Low Vol","2.37%","-9.77%","-31.94%"
"536",536,"PayCoin","XPY","$501,989","$0.042348","11853949","Low Vol","2.37%","11.33%","-32.44%"
"537",537,"Colossuscoin V2","CV2","$501,268","$0.000213","2358819009","?","?","?","-8.27%"
"538",538,"Sativacoin","STV","$497,166","$0.070131","7089086","Low Vol","2.38%","13.02%","-18.39%"
"539",539,"Mineum","MNM","$487,001","$0.051609","9436367","Low Vol","2.38%","3.45%","-20.12%"
"540",540,"Marscoin","MARS","$479,022","$0.016939","28279074","Low Vol","7.41%","12.69%","-31.02%"
"541",541,"AmsterdamCoin","AMS","$476,847","$0.009499","50201886","Low Vol","2.38%","20.47%","-30.62%"
"542",542,"Tigercoin","TGC","$451,446","$0.010369","43536800","Low Vol","2.37%","0.06%","-49.63%"
"543",543,"Onix","ONX","$434,289","$0.015831","27432814","Low Vol","2.37%","21.96%","-30.03%"
"544",544,"Valorbit","VAL","$431,868","$0.000071","6096731817","?","?","?","-29.96%"
"545",545,"WayGuide","WAY","$418,103","$0.004179","100040708","?","?","?","-33.06%"
"546",546,"Gapcoin","GAP","$413,576","$0.033166","12469917","Low Vol","1.81%","6.87%","-24.02%"
"547",547,"GlobalCoin","GLC","$406,248","$0.006234","65171010","?","?","?","-31.51%"
"548",548,"RevolverCoin","XRE","$391,887","$0.017414","22503998","Low Vol","2.37%","11.85%","-48.23%"
"549",549,"Evil Coin","EVIL","$376,706","$0.017921","21020383","Low Vol","1.95%","4.08%","-35.65%"
"550",550,"VirtualCoin","VC","$375,216","$0.037282","10064287","Low Vol","2.37%","4.54%","-42.78%"
"551",551,"BERNcash","BERN","$372,144","$0.005224","71234301","Low Vol","1.05%","5.36%","-33.03%"
"552",552,"BumbaCoin","BUMBA","$356,199","$0.015729","22646468","Low Vol","7.98%","32.72%","-12.19%"
"553",553,"PX","PX","$348,305","$0.003542","98341177","?","?","?","-29.96%"
"554",554,"Xios","XIOS","$344,526","$0.160268","2149688","?","?","?","-26.63%"
"555",555,"CannaCoin","CCN","$342,346","$0.072822","4701109","Low Vol","2.37%","18.31%","-26.94%"
"556",556,"ChessCoin","CHESS","$329,325","$0.006095","54032769","Low Vol","2.38%","-3.27%","-36.49%"
"557",557,"Mincoin","MNC","$326,467","$0.077676","4202947","Low Vol","27.61%","9.26%","-21.11%"
"558",558,"Virtacoinplus","XVP","$326,387","$0.029865","10928643","Low Vol","9.75%","16.11%","-24.17%"
"559",559,"Coin2.1","C2","$315,871","$0.004037","78245975","Low Vol","2.38%","3.71%","-35.21%"
"560",560,"GameUnits","UNITS","$315,039","$0.090711","3472983","Low Vol","2.37%","13.84%","-20.95%"
"561",561,"Emerald Crypto","EMD","$310,208","$0.016227","19117129","Low Vol","2.37%","1.34%","-35.60%"
"562",562,"Cypher","CYP","$292,629","$0.045973","6365285","?","?","?","-35.84%"
"563",563,"SatoshiMadness","MAD","$283,441","$0.000142","2000683485","?","?","?","-45.85%"
"564",564,"Catcoin","CAT","$280,900","$0.044643","6292100","Low Vol","2.37%","6.48%","-31.10%"
"565",565,"BriaCoin","BRIA","$272,359","$0.399900","681067","Low Vol","0.00%","-0.05%","-13.61%"
"566",566,"Honey","HONEY","$264,157","$0.628994","419967","Low Vol","5.79%","10.01%","-22.75%"
"567",567,"Dollarcoin","DLC","$252,873","$0.027768","9106714","?","?","?","-32.83%"
"568",568,"Quatloo","QTL","$243,784","$0.031583","7718883","Low Vol","1.37%","1.82%","-45.88%"
"569",569,"Mao Zedong","MAO","$235,164","$0.037685","6240278","?","?","?","-28.01%"
"570",570,"RonPaulCoin","RPC","$217,153","$0.238256","911426","Low Vol","2.37%","2.39%","-38.30%"
"571",571,"QuazarCoin","QCN","$214,042","$0.031662","6760232","Low Vol","2.38%","2.31%","-39.65%"
"572",572,"Bitcoin Planet","BTPL","$213,897","$0.034749","6155483","Low Vol","13.77%","-22.31%","-44.11%"
"573",573,"Freicoin","FRC","$209,730","$0.006966","30109309","Low Vol","2.37%","5.60%","-13.91%"
"574",574,"Zurcoin","ZUR","$204,897","$0.002338","87653034","?","?","?","-47.08%"
"575",575,"SproutsExtreme","SPEX","$203,059","$0.000071","2866607586","?","?","?","-29.96%"
"576",576,"CacheCoin","CACH","$202,545","$0.048281","4195132","Low Vol","-10.33%","-4.29%","-34.50%"
"577",577,"Digital Rupees","DRS","$202,163","$0.000396","510802961","Low Vol","2.38%","30.50%","16.47%"
"578",578,"Franko","FRK","$195,818","$0.210383","930767","?","?","?","-31.46%"
"579",579,"Neuro","NRO","$191,676","$0.004116","46567988","Low Vol","10.92%","4.41%","-33.35%"
"580",580,"Acoin","ACOIN","$191,317","$0.156806","1220085","Low Vol","2.38%","8.79%","-17.21%"
"581",581,"Impact","IMX","$190,723","$0.001741","109521937","Low Vol","11.01%","4.40%","-18.00%"
"582",582,"GPU Coin","GPU","$185,829","$0.004591","40477042","Low Vol","-3.96%","5.65%","-32.06%"
"583",583,"StarCash Network","STARS","$180,588","$0.205803","877480","Low Vol","-9.58%","-31.40%","-61.98%"
"584",584,"SONO","ALTCOM","$180,336","$0.864200","208674","?","?","?","-62.51%"
"585",585,"Cannation","CNNC","$176,570","$0.071287","2476893","Low Vol","2.38%","-5.57%","-30.29%"
"586",586,"CompuCoin","CPN","$175,446","$0.008944","19615019","Low Vol","2.38%","1.80%","-25.48%"
"587",587,"Firecoin","FIRE","$174,906","$1.78","98412","?","?","?","-12.42%"
"588",588,"IslaCoin","ISL","$171,560","$0.113338","1513704","?","?","?","-31.96%"
"589",589,"Virta Unique ...","VUC","$168,760","$0.002735","61701900","Low Vol","?","6.11%","-21.06%"
"590",590,"SACoin","SAC","$167,194","$0.023826","7017395","Low Vol","2.38%","2.70%","-24.01%"
"591",591,"Theresa May Coin","MAY","$165,134","$0.005383","30679600","Low Vol","2.37%","44.78%","-36.25%"
"592",592,"BipCoin","BIP","$154,567","$0.094986","1627261","Low Vol","2.37%","10.78%","-26.01%"
"593",593,"SOILcoin","SOIL","$148,944","$0.026121","5702048","Low Vol","-3.88%","-2.40%","-29.71%"
"594",594,"Enigma","XNG","$148,935","$0.261173","570254","?","?","?","-38.47%"
"595",595,"Flaxscript","FLAX","$143,976","$0.025725","5596680","Low Vol","2.37%","-9.51%","-25.00%"
"596",596,"Luna Coin","LUNA","$143,699","$0.084210","1706429","Low Vol","2.38%","12.44%","-17.48%"
"597",597,"Debitcoin","DBTC","$142,476","$0.007915","17999629","Low Vol","2.37%","49.14%","-7.21%"
"598",598,"Comet","CMT","$140,595","$0.161080","872830","Low Vol","2.38%","-0.90%","-22.52%"
"599",599,"Bitcedi","BXC","$140,339","$0.024380","5756371","Low Vol","2.37%","4.42%","-29.64%"
"600",600,"Money","$$$","$138,023","$0.003008","45887218","Low Vol","2.38%","4.64%","-34.28%"
"601",601,"Yacoin","YAC","$136,867","$0.001133","120759799","?","?","?","-37.74%"
"602",602,"Sojourn","SOJ","$133,987","$0.276141","485214","Low Vol","2.14%","16.49%","-51.62%"
"603",603,"Veltor","VLT","$132,964","$0.239638","554855","?","?","?","-85.45%"
"604",604,"Bitcoin 21","XBTC21","$132,875","$0.167537","793108","?","?","?","-58.33%"
"605",605,"Jewels","JWL","$127,233","$0.006304","20181636","?","?","?","-28.16%"
"606",606,"SongCoin","SONG","$123,730","$0.003799","32565300","Low Vol","2.37%","5.64%","-34.70%"
"607",607,"AntiBitcoin","ANTI","$117,985","$0.006755","17465159","?","?","?","-18.55%"
"608",608,"SecretCoin","SCRT","$108,734","$0.025714","4228672","?","?","?","-59.90%"
"609",609,"Jin Coin","JIN","$106,437","$0.010686","9960524","Low Vol","2.38%","-8.48%","-51.18%"
"610",610,"Braincoin","BRAIN","$100,822","$0.009988","10094424","?","?","?","-29.88%"
"611",611,"GuccioneCoin","GCC","$97,712","$0.004817","20285537","?","?","?","-36.45%"
"612",612,"HempCoin","HMP","$96,099","$0.000071","1356645470","?","?","?","-39.57%"
"613",613,"Speedcash","SCS","$92,921","$0.354889","261831","?","?","?","-3.30%"
"614",614,"Asiadigicoin","ADCN","$90,777","$0.003641","24931054","Low Vol","2.38%","-5.83%","-12.19%"
"615",615,"Printerium","PRX","$88,896","$0.007520","11821728","Low Vol","2.38%","32.25%","-26.33%"
"616",616,"Californium","CF","$87,398","$0.036055","2423988","?","?","?","-32.48%"
"617",617,"VectorAI","VEC2","$86,114","$0.005100","16884497","?","?","?","-38.41%"
"618",618,"ARbit","ARB","$82,515","$0.010059","8203320","?","?","?","19.77%"
"619",619,"HealthyWormCoin","WORM","$80,789","$0.000712","113405027","Low Vol","2.17%","54.53%","-41.30%"
"620",620,"Metal Music Coin","MTLMC3","$79,058","$0.000992","79719140","Low Vol","?","?","-34.63%"
"621",621,"BillaryCoin","BLRY","$78,991","$0.008784","8992890","?","?","?","?"
"622",622,"DAPPSTER","DLISK","$77,920","$0.000779","100000000","?","?","?","-26.43%"
"623",623,"VIP Tokens","VIP","$76,847","$0.000921","83450403","?","?","?","-23.33%"
"624",624,"PIECoin","PIE","$75,137","$0.006800","11049147","Low Vol","?","?","-33.27%"
"625",625,"Artex Coin","ATX","$73,715","$0.003925","18781750","Low Vol","2.37%","-11.81%","-39.56%"
"626",626,"WARP","WARP","$73,183","$0.066820","1095224","?","?","?","-24.66%"
"627",627,"GBCGoldCoin","GBC","$71,406","$0.006285","11361817","Low Vol","0.22%","22.43%","-36.44%"
"628",628,"MindCoin","MND","$70,812","$0.004463","15867695","?","?","?","-37.72%"
"629",629,"Dreamcoin","DRM","$70,522","$0.028689","2458187","?","?","?","-27.35%"
"630",630,"Shilling","SH","$68,597","$0.012042","5696400","?","?","?","-22.41%"
"631",631,"MiloCoin","MILO","$68,326","$0.006332","10789954","Low Vol","2.38%","-11.86%","-35.02%"
"632",632,"CryptoWorldX ...","CWXT","$67,584","$0.001133","59630200","?","?","?","-18.52%"
"633",633,"Iconic","ICON","$66,399","$0.111992","592894","?","?","?","-32.81%"
"634",634,"BOAT","BOAT","$66,067","$0.003562","18547845","Low Vol","2.38%","-14.58%","-45.59%"
"635",635,"Zayedcoin","ZYD","$65,459","$0.010484","6243840","?","?","?","-32.98%"
"636",636,"PLNcoin","PLNC","$64,160","$0.003754","17089600","?","?","?","-17.54%"
"637",637,"EGO","EGO","$63,752","$0.001063","60000001","?","?","?","-27.96%"
"638",638,"Tychocoin","TYCHO","$61,246","$0.012190","5024368","Low Vol","2.37%","-45.50%","-62.82%"
"639",639,"TAGRcoin","TAGR","$60,262","$0.001558","38669634","?","?","?","-19.66%"
"640",640,"PonziCoin","PONZI","$57,520","$0.066798","861099","?","?","?","-45.34%"
"641",641,"Ride My Car","RIDE","$57,392","$0.000567","101276976","?","?","?","-36.27%"
"642",642,"Uro","URO","$56,529","$0.046823","1207310","?","?","?","-28.45%"
"643",643,"Pulse","PULSE","$55,709","$0.003896","14298972","?","?","?","-16.95%"
"644",644,"Slevin","SLEVIN","$55,408","$0.000792","70000000","Low Vol","2.18%","49.03%","-33.60%"
"645",645,"AnarchistsPrime","ACP","$51,420","$0.011700","4394874","Low Vol","2.40%","9.11%","-25.06%"
"646",646,"Wild Beast Block","WBB","$49,664","$0.273002","181919","?","?","?","-35.34%"
"647",647,"Unrealcoin","URC","$48,763","$0.006942","7024402","?","?","?","-30.76%"
"648",648,"ZetaMicron","ZMC","$47,520","$0.000079","600344291","Low Vol","-48.82%","4.40%","-69.99%"
"649",649,"Orlycoin","ORLY","$46,726","$0.001275","36646779","?","?","?","-30.28%"
"650",650,"Torcoin","TOR","$46,725","$0.147782","316179","Low Vol","2.38%","-4.68%","-39.35%"
"651",651,"CryptoEscudo","CESC","$45,626","$0.000317","144105100","Low Vol","-15.69%","4.41%","-53.45%"
"652",652,"Blackstar","BSTAR","$44,683","$0.000071","630795971","?","?","?","-57.08%"
"653",653,"LetItRide","LIR","$44,080","$0.001204","36605274","?","?","?","5.32%"
"654",654,"OsmiumCoin","OS76","$42,289","$0.047302","894026","?","?","?","-24.18%"
"655",655,"PosEx","PEX","$39,969","$0.016292","2453240","?","?","?","-50.62%"
"656",656,"BowsCoin","BSC","$39,708","$0.007154","5550102","?","?","?","-43.41%"
"657",657,"G3N","G3N","$39,638","$0.005242","7561891","?","?","?","-35.43%"
"658",658,"KingN Coin","KNC","$39,529","$19.68","2009","?","?","?","-35.34%"
"659",659,"JobsCoin","JOBS","$37,550","$0.000354","106019270","?","?","?","-13.49%"
"660",660,"Steps","STEPS","$36,941","$0.001983","18625017","?","?","?","-31.89%"
"661",661,"Zonecoin","ZNE","$36,396","$0.014096","2581970","?","?","?","-35.17%"
"662",662,"ImpulseCoin","IMPS","$35,853","$0.001771","20245510","?","?","?","-23.04%"
"663",663,"AgrolifeCoin","AGLC","$35,811","$0.004274","8378158","Low Vol","2.38%","4.41%","-29.22%"
"664",664,"BiosCrypto","BIOS","$35,398","$0.001700","20821709","?","?","?","-22.96%"
"665",665,"Destiny","DES","$32,755","$0.020472","1600000","?","?","?","-51.66%"
"666",666,"Cabbage","CAB","$32,726","$0.003117","10499996","?","?","?","?"
"667",667,"Xonecoin","XOC","$32,667","$0.077778","420000","?","?","?","-26.48%"
"668",668,"RSGPcoin","RSGP","$31,858","$18.42","1730","?","?","?","-27.78%"
"669",669,"iBank","IBANK","$30,460","$0.006729","4526324","?","?","?","-25.24%"
"670",670,"CRTCoin","CRT","$30,118","$0.379943","79270","Low Vol","2.38%","4.41%","-21.74%"
"671",671,"High Voltage","HVCO","$25,190","$0.016859","1494171","?","?","?","-32.24%"
"672",672,"BioBar","BIOB","$24,721","$0.027909","885756","?","?","?","-20.22%"
"673",673,"Bitvolt","VOLT","$23,551","$0.001558","15112554","?","?","?","-42.50%"
"674",674,"Rawcoin","XRC","$22,421","$0.031809","704882","Low Vol","1.71%","3.02%","-18.46%"
"675",675,"Elysium","ELS","$22,191","$0.005541","4005012","Low Vol","2.37%","-2.56%","-41.99%"
"676",676,"SocialCoin","SOCC","$18,933","$0.013671","1384879","?","?","?","-47.24%"
"677",677,"SydPak","SDP","$18,395","$0.114816","160211","?","?","?","-33.36%"
"678",678,"P7Coin","P7C","$17,464","$0.000496","35220238","?","?","?","-18.29%"
"679",679,"Project-X","NANOX","$17,122","$218,773","0","?","?","?","-34.45%"
"680",680,"Litecred","LTCR","$16,749","$0.000554","30227750","Low Vol","2.18%","4.40%","-71.55%"
"681",681,"Coimatic 2.0","CTIC2","$16,068","$0.001187","13532750","Low Vol","2.37%","11.77%","-29.06%"
"682",682,"Antilitecoin","ALTC","$15,626","$0.000496","31512613","?","?","?","-46.99%"
"683",683,"Concoin","CONX","$14,066","$0.018899","744266","?","?","?","-23.10%"
"684",684,"Save and Gain","SANDG","$12,463","$0.004066","3064800","?","?","?","-42.04%"
"685",685,"Magnum","MGM","$11,282","$0.002770","4072381","Low Vol","2.37%","-15.02%","-35.63%"
"686",686,"GeyserCoin","GSR","$10,308","$0.219946","46864","?","?","?","-36.44%"
"687",687,"NodeCoin","NODC","$9,749","$0.005809","1678439","?","?","?","-45.82%"
"688",688,"Ulatech","ULA","$9,235","$0.045356","203611","Low Vol","2.38%","4.22%","-41.21%"
"689",689,"Selfiecoin","SLFI","$7,638","$0.000071","107829281","?","?","?","-29.96%"
"690",690,"Tristar Coin","TSTR","$5,174","$0.001029","5027857","Low Vol","10.90%","4.86%","1.69%"
"691",691,"Digital Credits","DGCS","$2,476","$0.000425","5826388","?","?","?","-29.96%"
"692",692,"PizzaCoin","PIZZA","$1,636","$0.001187","1377917","Low Vol","-23.21%","-21.70%","-18.25%"
"693",693,"Ebittree Coin","EBT","$1,201","$0.000950","1264511","Low Vol","2.38%","-21.70%","-46.38%"
"694",694,"Abncoin","ABN","$1,152","$0.017018","67700","Low Vol","2.37%","-22.33%","-48.50%"
"695",695,"AppleCoin","APW","$9","$0.000079","119055","Low Vol","2.37%","4.41%","-21.74%"
"696",696,"ATMCoin","ATMC","?","$6.99",NA,"$137,982,000","0.00%","3.36%","-4.23%"
"697",697,"Huobi Token","HT","?","$1.31",NA,"$72,851,900","0.93%","0.90%","?"
"698",698,"Elastos","ELA","?","$55.33",NA,"$46,548,500","2.47%","1.50%","?"
"699",699,"OFCOIN","OF","?","$0.003708",NA,"$18,026,000","-0.76%","2.64%","-28.79%"
"700",700,"Lightning Bit...","LBTC","?","$387.43",NA,"$5,990,050","-1.07%","27.33%","-16.27%"
"701",701,"Bitcoin Diamond","BCD","?","$33.95",NA,"$4,013,500","2.10%","-3.18%","107.04%"
"702",702,"Aidos Kuneen","ADK","?","$55.33",NA,"$3,241,700","2.32%","17.75%","10.24%"
"703",703,"United Bitcoin","UBTC","?","$66.03",NA,"$2,696,540","0.43%","-24.03%","-50.83%"
"704",704,"BitcoinX","BCX","?","$0.008782",NA,"$2,510,520","0.80%","3.36%","-58.93%"
"705",705,"Tezos (Pre-La...","XTZ","?","$2.67",NA,"$1,985,270","8.49%","12.95%","-20.02%"
"706",706,"Super Bitcoin","SBTC","?","$20.66",NA,"$1,627,600","1.60%","0.77%","-47.75%"
"707",707,"Fargocoin","FRGC","?","$8.59",NA,"$1,077,890","0.03%","5.92%","-16.34%"
"708",708,"BOScoin","BOS","?","$0.602482",NA,"$1,068,370","4.33%","-2.45%","-70.43%"
"709",709,"DavorCoin","DAV","?","$0.084458",NA,"$676,145","20.84%","-97.67%","-99.25%"
"710",710,"SegWit2x","B2X","?","$11.70",NA,"$456,457","14.25%","14.62%","-8.00%"
"711",711,"BitSoar","BSR","?","$0.158310",NA,"$365,112","-18.72%","-17.91%","2.95%"
"712",712,"Bitcoin Light...","BLT","?","$6.73",NA,"$263,013","2.61%","45.71%","-34.84%"
"713",713,"Filecoin [Fut...","FIL","?","$19.60",NA,"$241,884","1.17%","-8.36%","-19.15%"
"714",714,"WINCOIN","WC","?","$1.21",NA,"$188,942","-0.54%","1.60%","1.36%"
"715",715,"ClubCoin","CLUB","?","$1.07",NA,"$154,907","1.75%","-2.56%","-41.11%"
"716",716,"TerraNova","TER","?","$27.39",NA,"$152,618","1.74%","6.83%","-10.90%"
"717",717,"Bitcoin White","BTW","?","$0.287104",NA,"$118,785","3.02%","9.30%","-66.82%"
"718",718,"InfChain","INF","?","$0.007530",NA,"$102,335","-2.71%","-2.82%","-39.53%"
"719",719,"Travelflex","TRF","?","$0.129725",NA,"$89,168","9.12%","-4.15%","-52.09%"
"720",720,"Swisscoin","SIC","?","$0.001900",NA,"$86,589","2.98%","-15.62%","-51.82%"
"721",721,"Infinity Econ...","XIN","?","$0.012902",NA,"$79,300","6.30%","5.84%","-10.38%"
"722",722,"MergeCoin","MGC","?","$0.042348",NA,"$70,128","-4.43%","20.34%","-12.06%"
"723",723,"StrongHands","SHND","?","$0.000001",NA,"$68,483","2.10%","-0.37%","-15.38%"
"724",724,"Phantomx","PNX","?","$0.148087",NA,"$48,416","5.16%","36.70%","65.80%"
"725",725,"Ignition","IC","?","$12.28",NA,"$43,309","0.94%","3.01%","-6.93%"
"726",726,"Tokugawa","TOK","?","$1.91",NA,"$41,661","-5.90%","8.31%","-25.24%"
"727",727,"Sparks","SPK","?","$3.96",NA,"$41,618","15.99%","42.14%","-12.77%"
"728",728,"CoffeeCoin","CFC","?","$0.003325",NA,"$40,382","-0.01%","?","?"
"729",729,"B3Coin","KB3","?","$0.015910",NA,"$37,890","0.88%","0.69%","-46.78%"
"730",730,"StrikeBitClub","SBC","?","$0.055488",NA,"$37,480","3.36%","5.48%","-47.89%"
"731",731,"Pabyosi Coin ...","PCS","?","$0.152356",NA,"$34,094","2.18%","4.16%","142.23%"
"732",732,"Infinitecoin","IFC","?","$0.000124",NA,"$30,302","2.21%","-0.63%","-40.99%"
"733",733,"MSD","MSD","?","$0.005701",NA,"$29,350","1.18%","8.26%","-6.76%"
"734",734,"Harvest Maste...","HC","?","$1.11",NA,"$28,003","2.11%","-7.54%","-13.31%"
"735",735,"BT2 [CST]","BT2","?","$56.40",NA,"$27,371","17.23%","13.60%","-30.13%"
"736",736,"EA Coin","EAG","?","$0.815492",NA,"$24,738","2.37%","-8.61%","22.05%"
"737",737,"Golos Gold","GBG","?","$0.098368",NA,"$24,190","4.67%","8.40%","-29.50%"
"738",738,"TechShares","THS","?","$0.382184",NA,"$23,299","2.43%","4.55%","-33.47%"
"739",739,"Galactrum","ORE","?","$3.17",NA,"$20,532","2.37%","3.98%","-43.85%"
"740",740,"Bitcoin God","GOD","?","$47.57",NA,"$20,041","0.79%","1.58%","-27.97%"
"741",741,"Crave","CRAVE","?","$0.435162",NA,"$19,084","2.36%","6.31%","-23.52%"
"742",742,"VPNCoin","VASH","?","$0.002770",NA,"$19,074","6.45%","-4.74%","-46.65%"
"743",743,"MarxCoin","MARX","?","$0.002691",NA,"$15,919","2.38%","14.13%","-19.32%"
"744",744,"WeAreSatoshi","WSX","?","$0.009578",NA,"$15,745","-10.87%","2.57%","-43.58%"
"745",745,"Sakuracoin","SKR","?","$0.004828",NA,"$15,210","2.38%","7.95%","-26.41%"
"746",746,"FlappyCoin","FLAP","?","$0.000011",NA,"$13,965","-9.48%","18.48%","14.15%"
"747",747,"Kzcash","KZC","?","$3.10",NA,"$12,753","-3.80%","1.16%","-30.40%"
"748",748,"Wowcoin","WOW","?","$0.000080",NA,"$11,872","3.13%","3.48%","-73.74%"
"749",749,"Vulcano","VULC","?","$0.007045",NA,"$7,085","3.35%","38.69%","-20.07%"
"750",750,"NamoCoin","NAMO","?","$0.000237",NA,"$6,990","-23.19%","-27.19%","-53.60%"
"751",751,"Cyder","CYDER","?","$0.008707",NA,"$5,454","4.40%","-6.50%","-46.13%"
"752",752,"First Bitcoin","BIT","?","$0.044564",NA,"$5,252","-2.68%","3.20%","104.71%"
"753",753,"WA Space","WA","?","$0.015831",NA,"$5,212","2.37%","23.56%","14.18%"
"754",754,"Safe Trade Coin","XSTC","?","$0.001108",NA,"$5,018","10.26%","-4.29%","-60.30%"
"755",755,"Animecoin","ANI","?","$0.001583",NA,"$4,220","-10.97%","-0.57%","-29.93%"
"756",756,"Royalties","XRY","?","$0.000158",NA,"$3,653","-31.75%","-9.11%","-30.61%"
"757",757,"IrishCoin","IRL","?","$0.014010",NA,"$3,397","3.03%","2.47%","-36.12%"
"758",758,"Cubits","QBT","?","$0.005066",NA,"$2,954","-2.20%","-19.76%","-35.14%"
"759",759,"DeusCoin","DEUS","?","$0.144220",NA,"$2,488","-1.82%","3.24%","-26.20%"
"760",760,"CasinoCoin","CSC","?","$0.001504",NA,"$2,214","2.37%","-0.82%","-23.62%"
"761",761,"Donationcoin","DON","?","$0.001900",NA,"$2,046","2.38%","-3.63%","-16.83%"
"762",762,"SHACoin","SHA","?","$0.005145",NA,"$1,757","3.45%","14.17%","-25.12%"
"763",763,"Francs","FRN","?","$0.062136",NA,"$1,675","2.38%","34.20%","-60.50%"
"764",764,"Regacoin","REGA","?","$0.002454",NA,"$1,667","2.37%","1.41%","-41.96%"
"765",765,"SIGMAcoin","SIGMA","?","$0.039571",NA,"$1,554","1.69%","-1.75%","-54.60%"
"766",766,"KlondikeCoin","KDC","?","$0.027150",NA,"$1,545","1.48%","?","?"
"767",767,"Akuya Coin","AKY","?","$0.020422",NA,"$1,467","2.38%","31.27%","-42.29%"
"768",768,"Zilbercoin","ZBC","?","$0.045782",NA,"$1,442","0.58%","16.47%","-49.61%"
"769",769,"LandCoin","LDCN","?","$0.021322",NA,"$1,420","71.24%","321.00%","392.49%"
"770",770,"Protean","PRN","?","$0.000068",NA,"$1,362","4.44%","36.83%","-34.73%"
"771",771,"Runners","RUNNERS","?","$0.000475",NA,"$1,156","2.37%","-13.61%","-26.41%"
"772",772,"SafeCoin","SFE","?","$0.000158",NA,"$1,136","2.38%","13.90%","-6.91%"
"773",773,"Peacecoin","PEC","?","$0.014248",NA,"$1,082","1.80%","-33.52%","-35.99%"
"774",774,"Fazzcoin","FAZZ","?","$0.071105",NA,"$1,045","6.81%","8.92%","-33.75%"
"775",775,"BestChain","BEST","?","$0.007915",NA,"$1,019","2.38%","16.43%","-30.42%"
"776",776,"UR","UR","?","$0.002375",NA,"$1,003","2.18%","8.13%","-33.19%"
"777",777,"T-coin","TCOIN","?","$0.000158",NA,"$968","2.37%","21.84%","-21.96%"
"778",778,"India Coin","INDIA","?","$0.000950",NA,"$959","2.38%","3.92%","-39.17%"
"779",779,"MobileCash","MBL","?","$0.000317",NA,"$863","-4.45%","39.20%","53.90%"
"780",780,"DynamicCoin","DMC","?","$0.003025",NA,"$720","-1.17%","1.58%","-23.25%"
"781",781,"PeepCoin","PCN","?","$0.000018",NA,"$682","-0.03%","-48.45%","-3.49%"
"782",782,"High Gain","HIGH","?","$0.000475",NA,"$627","2.38%","13.25%","-21.74%"
"783",783,"EDRCoin","EDRC","?","$0.101233",NA,"$562","2.37%","10.22%","-31.78%"
"784",784,"Sharkcoin","SAK","?","$0.005778",NA,"$504","10.47%","3.90%","2.54%"
"785",785,"Avoncoin","ACN","?","$0.000792",NA,"Low Vol","13.74%","30.50%","-22.53%"
"786",786,"Golfcoin","GOLF","?","$0.000237",NA,"Low Vol","2.37%","56.48%","-29.48%"
"787",787,"GlassCoin","GLS","?","$0.308704",NA,"Low Vol","2.18%","3.88%","-18.80%"
"788",788,"Compcoin","CMP","?","$11.87",NA,"Low Vol","2.37%","12.08%","-3.44%"
"789",789,"Elacoin","ELC","?","$0.364904",NA,"Low Vol","2.37%","35.76%","7.46%"
"790",790,"TurboCoin","TURBO","?","$0.000079",NA,"Low Vol","2.38%","4.41%","-41.61%"
"791",791,"Antimatter","ANTX","?","$0.000158",NA,"Low Vol","2.38%","4.41%","-47.22%"
"792",792,"Birds","BIRDS","?","$0.000554",NA,"Low Vol","2.38%","46.17%","23.93%"
"793",793,"Dutch Coin","DUTCH","?","$0.000871",NA,"Low Vol","2.18%","23.01%","-18.64%"
"794",794,"AlpaCoin","APC","?","$0.008232",NA,"Low Vol","2.37%","1.61%","-20.88%"
"795",795,"Halloween Coin","HALLO","?","$0.000396",NA,"Low Vol","2.37%","20.30%","-31.77%"
"796",796,"Pirate Blocks","SKULL","?","$0.004433",NA,"Low Vol","2.37%","-22.05%","-25.00%"
"797",797,"Magnetcoin","MAGN","?","$0.403769",NA,"Low Vol","2.37%","4.38%","-37.97%"
"798",798,"Bastonet","BSN","?","$0.000871",NA,"Low Vol","2.18%","-28.23%","-52.79%"
"799",799,"Fonziecoin","FONZ","?","$0.001979",NA,"Low Vol","2.18%","5.94%","-22.85%"
"800",800,"TopCoin","TOP","?","$0.002216",NA,"Low Vol","2.37%","-2.39%","-41.28%"
"801",801,"Jiyo","JIYO","?","$0.027704",NA,"Low Vol","2.37%","-12.42%","-62.22%"
"802",802,"ZSEcoin","ZSE","?","$0.026652",NA,"Low Vol","2.40%","0.07%","-39.49%"
"803",803,"PinkDog","PDG","?","$0.000237",NA,"Low Vol","2.18%","-53.52%","-70.00%"
"804",804,"Aseancoin","ASN","?","$0.009419",NA,"Low Vol","2.38%","2.25%","-10.45%"
"805",805,"Primulon","PRIMU","?","$0.000317",NA,"Low Vol","2.37%","4.41%","-50.84%"
"806",806,"XTD Coin","XTD","?","$0.000079",NA,"Low Vol","2.38%","-1.12%","-59.75%"
"807",807,"Granite","GRN","?","$0.015198",NA,"Low Vol","4.01%","26.14%","-17.88%"
"808",808,"Bitbase","BTBc","?","$0.001821",NA,"Low Vol","30.82%","33.41%","-28.02%"
"809",809,"Aces","ACES","?","$0.001583",NA,"Low Vol","2.38%","6.82%","48.61%"
"810",810,"PeopleCoin","MEN","?","$0.000079",NA,"Low Vol","2.37%","?","-21.69%"
"811",811,"BetaCoin","BET","?","$0.004512",NA,"Low Vol","2.37%","-13.82%","-63.70%"
"812",812,"Tellurion","TELL","?","$0.000887",NA,"Low Vol","1.35%","1.49%","-28.26%"
"813",813,"UNCoin","UNC","?","$0.000079",NA,"Low Vol","2.38%","4.41%","-21.74%"
"814",814,"UniversalRoya...","UNRC","?","$0.001721",NA,"Low Vol","1.16%","29.32%","-27.65%"
"815",815,"GAY Money","GAY","?","$0.033641",NA,"Low Vol","2.37%","6.41%","-29.57%"
"816",816,"GoldMaxCoin","GMX","?","$0.001108",NA,"Low Vol","2.38%","-43.14%","-77.48%"
"817",817,"RHFCoin","RHFC","?","$0.000871",NA,"Low Vol","2.18%","64.06%","72.19%"
"818",818,"Topaz Coin","TOPAZ","?","$0.439942",NA,"Low Vol","2.38%","-11.27%","-20.91%"
"819",819,"UGAIN","GAIN","?","$0.005937",NA,"Low Vol","2.37%","-7.88%","-30.72%"
"820",820,"Wink","WINK","?","$0.005383",NA,"Low Vol","2.37%","21.53%","89.47%"
"821",821,"TeraCoin","TERA","?","$0.000002",NA,"Low Vol","0.68%","5.04%","-52.05%"
"822",822,"Huncoin","HNC","?","$0.001583",NA,"Low Vol","2.38%","60.62%","-33.75%"
"823",823,"Qora","QORA","?","$0.244896",NA,"Low Vol","2.38%","1.06%","-21.78%"
"824",824,"netBit","NBIT","?","$0.018760",NA,"Low Vol","2.37%","4.32%","-13.16%"
"825",825,"BlazerCoin","BLAZR","?","$0.001979",NA,"Low Vol","2.37%","24.28%","-27.69%"
"826",826,"UtaCoin","UTA","?","$0.000396",NA,"Low Vol","2.37%","?","-54.44%"
"827",827,"Cheapcoin","CHEAP","?","$0.000633",NA,"Low Vol","2.37%","4.40%","-51.84%"
"828",828,"FutCoin","FUTC","?","$0.000871",NA,"Low Vol","2.38%","4.41%","-42.66%"
"829",829,"International...","XID","?","$0.003195",NA,"Low Vol","?","?","-27.01%"
"830",830,"Tattoocoin (L...","TLE","?","$1.97",NA,"Low Vol","?","?","47.42%"
"831",831,"BITFID","FID","?","$0.060870",NA,"Low Vol","?","0.11%","-32.23%"
"832",832,"GrandCoin","GDC","?","$7.5e-07",NA,"?","?","?","?"
"833",833,"Karmacoin","KARMA","?","$0.000071",NA,"?","?","?","-29.96%"
"834",834,"Hyper","HYPER","?","$0.071899",NA,"?","?","?","-44.09%"
"835",835,"GameLeagueCoin","GML","?","$0.013530",NA,"?","?","?","-23.12%"
"836",836,"RabbitCoin","RBBT","?","$0.000019",NA,"?","?","?","-74.58%"
"837",837,"HTML5COIN","HTML5","?","$0.001488",NA,"?","?","?","-29.28%"
"838",838,"FireFlyCoin","FFC","?","$0.000425",NA,"?","?","?","-39.30%"
"839",839,"Quotient","XQN","?","$0.007438",NA,"?","?","?","-26.18%"
"840",840,"Voyacoin","VOYA","?","$0.925685",NA,"?","?","?","-20.76%"
"841",841,"Xaucoin","XAU","?","$0.036835",NA,"?","?","?","-26.57%"
"842",842,"TrickyCoin","TRICK","?","$0.009705",NA,"?","?","?","-51.66%"
"843",843,"CyberCoin","CC","?","$0.000142",NA,"?","?","?","-29.96%"
"844",844,"EggCoin","EGG","?","$0.018630",NA,"?","?","?","?"
"845",845,"Bubble","BUB","?","$0.016930",NA,"?","?","?","-43.56%"
"846",846,"ShellCoin","SHELL","?","$0.046114",NA,"?","?","?","-18.69%"
"847",847,"Dubstep","DUB","?","$0.001629",NA,"?","?","?","-8.54%"
"848",848,"Cycling Coin","CYC","?","$0.001063",NA,"?","?","?","-43.60%"
"849",849,"Axiom","AXIOM","?","$0.010342",NA,"?","?","?","-29.48%"
"850",850,"DeltaCredits","DCRE","?","$0.161152",NA,"?","?","?","-12.59%"
"851",851,"InvisibleCoin","IVZ","?","$0.219437",NA,"?","?","?","?"
"852",852,"Moneta","MONETA","?","$0.000496",NA,"?","?","?","-7.12%"
"853",853,"RubleBit","RUBIT","?","$0.009209",NA,"?","?","?","-20.72%"
"854",854,"Cashme","CME","?","$0.000150",NA,"?","?","?","-25.85%"
"855",855,"X2","X2","?","$0.000213",NA,"?","?","?","-29.96%"
"856",856,"AvatarCoin","AV","?","$0.044922",NA,"?","?","?","-27.29%"
"857",857,"Opescoin","OPES","?","$0.001983",NA,"?","?","?","-40.65%"
"858",858,"BitAlphaCoin","BAC","?","$0.005242",NA,"?","?","?","-29.96%"
"859",859,"MMXVI","MMXVI","?","$0.002621",NA,"?","?","?","-44.86%"
"860",860,"Psilocybin","PSY","?","$0.026209",NA,"?","?","?","-22.88%"
"861",861,"PayPeer","PAYP","?","$0.000071",NA,"?","?","?","-34.53%"
"862",862,"Operand","OP","?","$0.001842",NA,"?","?","?","-27.16%"
"863",863,"TheCreed","TCR","?","$0.000425",NA,"?","?","?","-15.95%"
"864",864,"DarkLisk","DISK","?","$0.001629",NA,"?","?","?","-13.70%"
"865",865,"RichCoin","RICHX","?","$0.004463",NA,"?","?","?","-59.07%"
"866",866,"PrismChain","PRM","?","$0.001275",NA,"?","?","?","-37.03%"
"867",867,"Digital Bulli...","DBG","?","$0.002250",NA,"?","?","?","-26.00%"
"868",868,"Happy Creator...","HCC","?","$0.000071",NA,"?","?","?","-68.87%"
"869",869,"LinkedCoin","LKC","?","$0.000213",NA,"?","?","?","-29.96%"
"870",870,"FrankyWillCoin","FRWC","?","$0.002692",NA,"?","?","?","-36.60%"
"871",871,"PokeCoin","POKE","?","$0.000150",NA,"?","?","?","-25.85%"
"872",872,"TodayCoin","TODAY","?","$0.000567",NA,"?","?","?","-49.14%"
"873",873,"SportsCoin","SPORT","?","$0.001417",NA,"?","?","?","-15.29%"
"874",874,"Omicron","OMC","?","$0.148047",NA,"?","?","?","-62.50%"
"875",875,"Lazaruscoin","LAZ","?","$0.000975",NA,"?","?","?","-19.67%"
"876",876,"Rcoin","RCN","?","$0.000071",NA,"?","?","?","-49.82%"
"877",877,"LAthaan","LTH","?","$0.000496",NA,"?","?","?","-43.22%"
"878",878,"TeamUp","TEAM","?","$0.000328",NA,"?","?","?","8.05%"
"879",879,"MoneyCoin","MONEY","?","$0.000142",NA,"?","?","?","-18.96%"
"880",880,"Yescoin","YES","?","$0.000071",NA,"?","?","?","-29.96%"
"881",881,"LePen","LEPEN","?","$0.000071",NA,"?","?","?","-49.38%"
"882",882,"KashhCoin","KASHH","?","$0.000071",NA,"?","?","?","?"
"883",883,"XDE II","XDE2","?","$5.63",NA,"?","?","?","6.51%"
"884",884,"The Vegan Ini...","XVE","?","$0.000638",NA,"?","?","?","-41.37%"
"885",885,"Dashs","DASHS","?","$0.063186",NA,"?","?","?","-16.30%"
"886",886,"Bitok","BITOK","?","$0.000142",NA,"?","?","?","-17.69%"
"887",887,"Rupaya [OLD]","RUPX","?","$0.003471",NA,"?","?","?","-34.44%"
"888",888,"Bitcoin Atom","BCA","?","$19.94",NA,"?","?","?","-57.89%"
